Nome,X,Y,Estado,Municipio
RS-VZ-25,"-55.07036","-27.78902",,
Laranjal 1,"-54.61234","-25.46243",,
Eixo da Barragem 2,"-54.57966","-25.39835",,
Eixo da Barragem 1,"-54.57746","-25.40385",,
Agostine,"-54.57482","-25.46701",,
Lakus 1,"-54.56445","-25.47424",,
Gerhard 2,"-54.55824","-25.47438",,
Sanga Funda 1,"-54.55271","-25.39319",,
Rosatto 3,"-54.55172","-25.47579",,
Rosatto 4,"-54.55047","-25.47589",,
Sanga Funda 3,"-54.55019","-25.396",,
Rossatto 05,"-54.54911","-25.47537",,
Rosatto 6,"-54.54911","-25.47537",,
Sanga Funda 2,"-54.54865","-25.39312",,
Olaria 1,"-54.54729","-25.47534",,
Olaria 2,"-54.54635","-25.47557",,
Sanga Funda 5,"-54.53866","-25.39964",,
Sanga Funda 6,"-54.53858","-25.3953",,
Sanga Funda 4,"-54.5351","-25.39762",,
Ranchinho,"-54.52384","-25.41297",,
Alto do Bela Vista 1,"-54.51973","-25.42061",,
Capoeira,"-54.51849","-25.41846",,
Variatti,"-54.51774","-25.42361",,
Alto do Bela Vista 3,"-54.51596","-25.42163",,
Figueira 3,"-54.5076","-25.43878",,
Figueira 1,"-54.50535","-25.44054",,
Arroio Sto Antonio,"-54.50373","-25.44253",,
Passo CuaÉa™ 1,"-54.4944","-25.30763",,
Fazenda Cacula,"-54.4792","-25.26516",,
Passo CuaÉa™ 2,"-54.47847","-25.32809",,
Passo CuaÉa™ 5,"-54.46564","-25.32675",,
Passo CuaÉa™ 3,"-54.46435","-25.32297",,
Rio Sao Vicente Chico,"-54.43708","-24.99746",,
Corrego Lajeado 1,"-54.39944","-24.84545",,
Passo CuaÉa™ 7,"-54.39042","-25.3523",,
Santa Hele,"-54.34597","-24.82955",,
Sete Quedas - 8,"-54.26678","-24.07723",,
Prainha - 5,"-54.26462","-24.07996",,
Sete Quedas - 7,"-54.26456","-24.07635",,
Mari - 3,"-54.26042","-24.07638",,
Mari - 1,"-54.25494","-24.07654",,
Sete Quedas - 1,"-54.2537","-24.07661",,
MA 21 LT 525kV Foz-Cascavel,"-54.12276","-25.25245",,
MV 23 LT 525kV Foz-Cascavel,"-53.9894","-25.1959",,
Vao entre MA39 e 40 LT 525kV Foz-Cascavel,"-53.80395","-25.11268",,
MA 40 LT 525kV Foz-Cascavel,"-53.76288","-25.09748",,
Torre 121 LT525 Cascavel-Caxias,"-53.71655","-25.05746",,
Fase Itapiranga1,"-53.713","-27.1086",,
Fase Itapiranga 2,"-53.68779","-27.10738",,
RS-VZ-43,"-53.68185","-27.32798",,
Marechal Lott,"-53.66548","-25.51113",,
Fase Itapiranga3,"-53.66023","-27.11083",,
Fase Itapiranga4,"-53.63818","-27.11786",,
Barracao,"-53.63525","-26.25181",,
Antenor Raubert,"-53.62366","-25.52801",,
RS-VZ-44,"-53.62155","-27.31053",,
Corrego Cacula 1,"-53.62085","-25.53101",,
Fase Itapiranga5,"-53.61947","-27.10961",,
Fase Itapiranga6,"-53.60275","-27.12003",,
Torre 115 LT525 Cascavel-Caxias,"-53.53018","-25.08646",,
Torre 127 LT525 Cascavel-Caxias,"-53.52384","-25.04106",,
Eixo da Barragem,"-53.49272","-25.54164",,
Juzante Salto Caxias II,"-53.48717","-25.54866",,
Corrego Tigrinho,"-53.41869","-25.49848",,
Nerval Felix da Aparecida,"-53.36178","-25.46048",,
Rato I,"-53.35955","-25.47333",,
Mauro Aguiar,"-53.35892","-25.46179",,
Joselindo Cancelier I,"-53.30977","-25.5508",,
Caver do Vora,"-53.30494","-25.55552",,
Balsa do Vora,"-53.3044","-25.54813",,
Adelar do Vora,"-53.30424","-25.55563",,
Cachoeira Sao Jorge,"-53.29797","-25.60735",,
Balsa Porto Sao Paulo II,"-53.27434","-25.58425",,
Jose Machado Gomes,"-53.27223","-25.58889",,
Marcelino Borges,"-53.27204","-25.55748",,
Valdir Tequio,"-53.27143","-25.56733",,
Juvelino Cechin,"-53.26444","-25.58748",,
Setembrino Luz,"-53.26233","-25.43786",,
Maria Salete Ghizi,"-53.25777","-25.60328",,
Teobaldo Vaz,"-53.24858","-25.60668",,
Arno Bianchini,"-53.24082","-25.6123",,
SaÉa≠tio de Ouro Verde I,"-53.22754","-25.5778",,
Cruz Alta II,"-53.19994","-25.55949",,
Cruz Alta I,"-53.19725","-25.55962",,
Joao Schleme,"-53.18854","-25.52915",,
Jair Stockman,"-53.17432","-25.53532",,
Caraja II,"-53.15294","-24.44852",,
Joao Lisboa,"-53.14171","-25.54753",,
OtacaÉa≠lio Ramon,"-53.14112","-25.53698",,
Caraja III,"-53.14077","-24.43597",,
Amador Aguiar,"-53.14076","-25.53356",,
Raul Varela,"-53.14056","-25.52769",,
Caraja IV,"-53.13959","-24.45022",,
Buzanello I,"-53.13953","-25.55388",,
Estrada da Cantareira,"-53.13931","-24.46735",,
Caraja I,"-53.13151","-24.46727",,
Aterro do Pasto,"-53.12894","-24.46125",,
Aterro Tiburtius,"-53.12881","-24.42718",,
SC-VU-8,"-53.12826","-26.99683",,
SC-VU-7,"-53.1196","-26.99894",,
Campo de Futebol,"-53.11842","-24.4832",,
Lurdes Cixeski,"-53.11826","-25.58335",,
SC-VU-5,"-53.11641","-27.00557",,
SC-VU-4,"-53.11477","-27.02739",,
SC-VU-6,"-53.11453","-27.0008",,
SC-VU-3,"-53.10692","-27.01411",,
SC-VU-2,"-53.10614","-27.01721",,
Balsa do Encantado,"-53.10406","-25.54519",,
SC-VU-1,"-53.1031","-27.02051",,
Boca do Encado I,"-53.10167","-25.53936",,
Ahy 1,"-53.10029","-24.63324",,
SC-VX-2,"-53.09935","-27.03533",,
Porteira Ponte CaaÉa≠da,"-53.0978","-25.53463",,
FlogaÉa™ncio,"-53.09303","-25.56363",,
Sabino Mondardo I,"-53.08343","-25.56625",,
Saturnino,"-53.07563","-25.5298",,
Miguel Micolazik I,"-53.0754","-25.56799",,
Miguel Micolazik II,"-53.07531","-25.56898",,
Tourinho,"-53.01202","-24.71178",,
PR UB 05,"-52.98931","-24.5491",,
Sinop I,"-52.97985","-24.52942",,
CondomaÉa≠nio UHE Salto Osorio 2,"-52.96726","-25.58392",,
CondomaÉa≠nio UHE Salto Osorio 3,"-52.96618","-25.58751",,
Laranjeira CondomaÉa≠nio 1,"-52.94877","-25.56153",,
Constantino 1,"-52.90733","-25.58639",,
Constantino 2,"-52.90243","-25.5819",,
Rio Erveira,"-52.89872","-24.56573",,
UHE Salto Osorio 1,"-52.89344","-25.58771",,
Jose Vieira,"-52.89077","-23.2742",,
PR RO 07,"-52.86435","-24.68708",,
UHE Salto Osorio 3,"-52.86106","-25.61556",,
Morro Vermelho I,"-52.86039","-24.67059",,
Morro Vermelho II,"-52.85193","-24.67135",,
Afluente do Erveira,"-52.84741","-24.56559",,
UHE Salto Osorio 4,"-52.84681","-25.60737",,
Roseira II,"-52.84367","-24.66198",,
Moch I,"-52.83388","-24.62871",,
Roseira I,"-52.83353","-24.65709",,
Moch II,"-52.8263","-24.63194",,
TraÉa™s buracos,"-52.8243","-24.61782",,
Moch III,"-52.82208","-24.62407",,
Aeroporto,"-52.81185","-24.593",,
RS-RP-133,"-52.69098","-29.47608",,
RS-RP-134,"-52.69087","-29.29721",,
RS-RP-141,"-52.68852","-29.50816",,
RS-RP-138,"-52.68663","-29.44373",,
RS-RP-129,"-52.67563","-29.30347",,
RS-RP-143,"-52.67323","-29.5605",,
RS-RP-103,"-52.67321","-29.5751",,
RS-RP-135,"-52.66934","-29.29028",,
RS-RP-164,"-52.66577","-29.43987",,
RS-RP-107,"-52.66314","-29.30658",,
RS-RP-132,"-52.65965","-29.50884",,
RS-RP-139,"-52.65788","-29.46592",,
RS-RP-14,"-52.65695","-29.29251",,
RS-RP-33,"-52.65214","-29.52699",,
RS-RP-149,"-52.64969","-29.56708",,
RS-RP-98,"-52.64883","-29.54734",,
RS-RP-106,"-52.64797","-29.31571",,
RS-RP-137,"-52.63498","-29.4791",,
RS-RP-128,"-52.61705","-29.54932",,
RS-RP-97,"-52.61674","-29.51499",,
Barragem Santiago1,"-52.61629","-25.60016",,
RS-RP-136,"-52.61575","-29.53361",,
RS-RP-102,"-52.61381","-29.5711",,
PR AS 03,"-52.61356","-25.61217",,
Barragem Santiago 2,"-52.60857","-25.60224",,
RS-RP-81,"-52.59705","-29.53531",,
Rio Barra Mansa 1,"-52.59619","-25.60184",,
Santa Rosa,"-52.59614","-25.55918",,
RS-RP-131,"-52.59568","-29.501",,
Rio Barra Mansa 2,"-52.59407","-25.59572",,
Rio Barra Mansa 3,"-52.59334","-25.59174",,
RS-RP-55,"-52.59072","-29.51862",,
UHE Salto Santiago 1,"-52.58579","-25.60888",,
UHE Salto Santiago 2,"-52.58487","-25.56596",,
Vau 1,"-52.57629","-25.54068",,
RS-RP-71,"-52.57328","-29.50592",,
UHE Salto Santiago 3,"-52.56987","-25.68096",,
Praia Ilha CondomaÉa≠nio Salto Santiago,"-52.56321","-25.55582",,
Quebra-Queixo,"-52.5562","-26.66043",,
Quebra-Queixo,"-52.55503","-26.65727",,
Quebra-Queixo,"-52.55177","-26.66958",,
Quebra-Queixo,"-52.54939","-26.66043",,
Quebra-Queixo,"-52.54851","-26.67024",,
Quebra-Queixo,"-52.54847","-26.66742",,
Quebra-Queixo,"-52.54757","-26.62355",,
Quebra-Queixo,"-52.54666","-26.6721",,
Quebra-Queixo,"-52.54247","-26.67247",,
Quebra-Queixo,"-52.54231","-26.66208",,
Quebra-Queixo,"-52.54168","-26.67513",,
Quebra-Queixo,"-52.54051","-26.6489",,
Quebra-Queixo,"-52.53959","-26.67266",,
Quebra-Queixo,"-52.53918","-26.66206",,
Quebra-Queixo,"-52.53893","-26.66977",,
Quebra-Queixo,"-52.53776","-26.6319",,
Quebra-Queixo,"-52.53671","-26.65553",,
Quebra-Queixo,"-52.53617","-26.61995",,
Quebra-Queixo,"-52.53284","-26.62891",,
Quebra-Queixo,"-52.53064","-26.66879",,
Quebra-Queixo,"-52.53035","-26.64509",,
Quebra-Queixo,"-52.52955","-26.61905",,
Quebra-Queixo,"-52.52873","-26.64203",,
Quebra-Queixo,"-52.52845","-26.66564",,
Quebra-Queixo,"-52.52769","-26.66073",,
Ciro Carletto,"-52.524","-26.18208",,
Rio Crim 1,"-52.52293","-25.64069",,
Quebra-Queixo,"-52.52205","-26.65983",,
Augusto Pinheiro,"-52.5188","-26.16679",,
Norberto Pillati,"-52.51862","-26.15325",,
Rio Crim 3,"-52.5142","-25.63776",,
Baneiras Salto Santiago 1,"-52.5051","-25.66974",,
Pedro InocaÉa™ncio,"-52.49993","-26.17782",,
RS-RP-144,"-52.49506","-29.7065",,
SaÉa≠tio 06,"-52.49307","-26.26461",,
Lajeado da Erva 1,"-52.47231","-25.66915",,
Lajeado da Erva 2,"-52.47034","-25.66794",,
Porto Santa 1,"-52.46907","-25.66636",,
Porto Santa 2,"-52.46754","-25.6649",,
Belarmino Jose dos Santos,"-52.45365","-26.19771",,
Rubens Daroit,"-52.44969","-26.24153",,
Antonio da Silva Godoy,"-52.44692","-26.21989",,
SaÉa≠tio 04,"-52.44633","-26.36971",,
Bento Rosa,"-52.44421","-26.24339",,
Ilha Grande,"-52.4361","-25.67317",,
Rio Iguacu 1,"-52.42697","-25.68044",,
Rio Iguacu 2,"-52.42249","-25.68407",,
Corrego Barra Grande 2,"-52.41643","-25.63036",,
Rio Iguacu 4,"-52.41387","-25.68224",,
Rio Cavernoso 1,"-52.41311","-25.66137",,
Santa Cruz,"-52.4121","-25.64614",,
RS-RP-24,"-52.40851","-29.5725",,
Corrego Barra Grande 1,"-52.40847","-25.63668",,
Rio Cavernoso 3,"-52.4037","-25.68073",,
Rio Feio,"-52.39625","-25.63856",,
Rio Cavernoso 2,"-52.3934","-25.69372",,
LTSsantiagoIta,"-52.35325","-26.91067",,
RS-RP-150 A-B,"-52.35319","-29.63244",,
Tradicao Taquara,"-52.32443","-27.56593",,
Rio Luciano 1,"-52.31841","-25.72036",,
Rio Luciano 2,"-52.3064","-25.70786",,
Tradicao Taquara,"-52.30059","-27.5982",,
UHE Salto Santiago 6,"-52.25508","-25.73487",,
Rio Palmeirinha 1,"-52.24486","-25.74543",,
Porto Santa Maria,"-52.2384","-25.7421",,
Ponte Nova,"-52.23112","-25.7378",,
Corredeira Grande - 1,"-52.2228","-25.7502",,
Lajeado grande dos aÉaçndios,"-52.21719","-25.75853",,
Estrada,"-52.21216","-24.69377",,
Belao,"-52.21128","-25.91151",,
Rio Portao 1,"-52.17817","-25.86423",,
Porto Fanol,"-52.17605","-25.74733",,
Rio Portao 2,"-52.17574","-25.86727",,
Fonte do Encantilado,"-52.17182","-25.84202",,
Cachoeira,"-52.17137","-25.82441",,
Campi Bela 2,"-52.17025","-25.87524",,
Ninhal Garcas 1,"-52.16962","-25.74531",,
SaÉa≠tio Rio Vila Nova 1,"-52.16719","-25.87932",,
(SaÉa≠tio) das Palmeiras,"-52.16663","-25.83098",,
(SaÉa≠tio) Santo Antao 1,"-52.16663","-25.83098",,
(SaÉa≠tio Antao 2) Santo Antao 2,"-52.16663","-25.83098",,
Corredeira,"-52.15749","-25.81459",,
SaÉa≠tio LaÉa≠tico Valdir Pircinis,"-52.15609","-24.58342",,
Ilha Grande,"-52.14966","-25.87587",,
RS-T-100,"-52.14908","-28.89108",,
Tradicao Taquara,"-52.1422","-27.58537",,
do Monolito,"-52.1387","-25.78916",,
da Barragem,"-52.13153","-25.78803",,
(SaÉa≠tio) Coral,"-52.11548","-25.77663",,
(SaÉa≠tio) Arroio da Divisa,"-52.11303","-25.79945",,
SaÉa≠tio do Deposito,"-52.10815","-25.78502",,
Barra do Rio Butia 2,"-52.09568","-25.93229",,
do Mate,"-52.08949","-25.75726",,
SaÉa≠tio Barra do Butia 3,"-52.08495","-25.94601",,
Barra do rio Estreito,"-52.08491","-25.75961",,
SaÉa≠tio da Fogueira,"-52.07592","-25.94462",,
Tradicao Taquara,"-52.07334","-27.94542",,
(Passo do Aterrado) Corrego do Passo do Aterrado,"-52.07204","-25.75114",,
(SaÉa≠tio) Arroio Feio 2,"-52.04961","-25.93494",,
(SaÉa≠tio) Arroio Feio 5,"-52.04393","-25.93622",,
Canteiro UHE Fundao 2,"-52.04001","-25.71057",,
Canteiro UHE Fundao 3,"-52.03956","-25.71499",,
Casa Forca Fundao 3,"-52.03762","-25.7207",,
SaÉa≠tio Fazenda Don Jose,"-52.03595","-25.95348",,
(SaÉa≠tio) Sete Ilhas,"-52.03595","-25.95348",,
Arroio Feio 3,"-52.03435","-25.94222",,
(SaÉa≠tio) Arroio Feio 4,"-52.03435","-25.94222",,
Casa Forca Fundao 1,"-52.03337","-25.71487",,
Casa Forca Fundao 8,"-52.03282","-25.7208",,
Casa Forca Fundao 4,"-52.03268","-25.71835",,
Canteiro UHE Fundao 1,"-52.03153","-25.71736",,
Vaca Branca II,"-52.02518","-25.7197",,
Vaca Branca  I,"-52.02421","-25.72287",,
Campo Bonito (1) I,"-52.02218","-25.71882",,
SaÉa≠tio LaÉa≠tico Santa Rita,"-52.01636","-24.78114",,
Fazenda Santa Maria,"-52.01028","-26.51533",,
Eixo Barragem UHE Fundao 7,"-52.00872","-25.70663",,
Eixo Barragem UHE Fundao 1,"-52.00854","-25.71063",,
Eixo Barragem UHE Fundao 5,"-52.00802","-25.70587",,
Eixo Barragem UHE Fundao 2,"-52.00678","-25.71004",,
Campo Bonito (2) II,"-52.00677","-25.72254",,
Boa Vista II,"-52.00669","-25.71396",,
Eixo Barragem UHE Fundao 4,"-52.00634","-25.70583",,
Eixo Barragem UHE Fundao 6,"-52.00589","-25.71313",,
Boa Vista I,"-52.00475","-25.71939",,
Almoxarifado UHE Fundao 1,"-52.00311","-25.70106",,
Almoxarifado UHE Fundao 2,"-52.00201","-25.69999",,
TaÉa∫nel UHE Fundao 2,"-52.00061","-25.69753",,
Campo Bonito (4) IV,"-51.9998","-25.72349",,
Boa Vista III,"-51.99978","-25.72123",,
Eixo Barragem UHE Fundao 3,"-51.99852","-25.70947",,
Joao Maria Serpa 1,"-51.99771","-25.69863",,
Boa Vista VII,"-51.99723","-25.71403",,
Boa Vista VI,"-51.99722","-25.71312",,
Corrego da Divisa,"-51.9966","-26.5451",,
Joao Maria Serpa 2,"-51.99598","-25.69841",,
Boa Vista V,"-51.99573","-25.71404",,
Edgard Rickli 2,"-51.99097","-25.6833",,
Edgard Rickli 1,"-51.99076","-25.68408",,
Boa Vista IV,"-51.99028","-25.71814",,
Oscar Rickli 1,"-51.98838","-25.67833",,
Corredeira Paulo Nunes 1,"-51.98814","-25.69944",,
Wilson Rickli 1,"-51.98355","-25.70015",,
Wilson Rickli 2,"-51.97855","-25.69701",,
Casa de Forca UHE Santa Clara,"-51.96612","-25.66696",,
Eixo UHE Santa Clara 3,"-51.96233","-25.64964",,
Eixo UHE Santa Clara 2,"-51.96023","-25.6487",,
(SaÉa≠tio) do Pendente,"-51.95888","-25.98344",,
Tradicao Taquara,"-51.95859","-27.95297",,
Ensecadeira UHE Santa Clara 2,"-51.95583","-25.65214",,
Eixo UHE Santa Clara 1,"-51.95569","-25.64757",,
Canteiro UHE Santa Clara 1,"-51.95536","-25.65708",,
Canteiro UHE Santa Clara 2,"-51.95489","-25.65629",,
Ensecadeira UHE Santa Clara 1,"-51.9539","-25.65184",,
Candoi Ferreira 1,"-51.93093","-25.61746",,
Batatal Tupi 1,"-51.93088","-25.64698",,
Caracu Santa Clara 1,"-51.92771","-25.6239",,
Batatal Tupi 2,"-51.92509","-25.64194",,
Papel Santa Clara 2,"-51.91434","-25.6122",,
Caracu Casa de Forca,"-51.91409","-25.61369",,
Fazenda Novo Rodeio 2,"-51.9135","-25.65632",,
(Fazenda) Novo Rodeio 1,"-51.9051","-25.65819",,
Fazenda Postinho 3,"-51.90387","-25.66174",,
Fazenda Postinho 2,"-51.9034","-25.66378",,
Fazenda Postinho 1,"-51.90307","-25.66482",,
Fazenda Postinho 4,"-51.90142","-25.66495",,
Fazenda Postinho 5,"-51.89978","-25.66457",,
Fazenda Visconde 7,"-51.8948","-25.64227",,
(Fazenda) Visconde 4,"-51.89302","-25.64111",,
Fazenda Visconde 10,"-51.88785","-25.64513",,
Fazenda Visconde (3) III,"-51.88562","-25.65019",,
Fazenda Visconde 8,"-51.88363","-25.64695",,
Fazenda Visconde (2) II,"-51.8811","-25.6457",,
SaÉa≠tio de Estruturas Subterraneas Torre 63,"-51.88089","-24.62208",,
Fazenda Visconde 9,"-51.88006","-25.6362",,
(Fazenda) Visconde 1,"-51.87903","-25.63533",,
Dirceu Lacerda 3,"-51.84541","-25.63391",,
Dirceu Lacerda 1,"-51.84044","-25.63617",,
Procopio Caldas 5,"-51.83708","-25.61882",,
Procopio Caldas 4,"-51.83694","-25.62061",,
Fil Reservatorio UHE Santa Clara 1,"-51.83671","-25.61571",,
Papel Santa Clara 1,"-51.83667","-25.61477",,
Procopio Caldas 1,"-51.83667","-25.61477",,
Procopio Caldas 3,"-51.83667","-25.61477",,
Tradicao Taquara,"-51.81266","-27.69384",,
Mandirituba 01,"-51.76728","-23.57486",,
dos Pinus,"-51.7226","-25.95609",,
Tradicao Taquara,"-51.70921","-27.56912",,
SaÉa≠tio da Sanga,"-51.70534","-25.91963",,
Tradicao Taquara,"-51.69808","-27.584",,
Tradicao Taquara,"-51.68316","-27.56981",,
Tradicao Taquara,"-51.67962","-27.58725",,
Cemiterio Zampieron,"-51.6307","-26.10975",,
Rio Claro,"-51.61778","-24.38275",,
Rio Jacutinga-2,"-51.61691","-26.01302",,
Habitacao Zampieron 3,"-51.60764","-26.09326",,
Habitacao Zampieron 1,"-51.60383","-26.09667",,
Habitacao Zampieron 2,"-51.6003","-26.09788",,
Vila Santa Terezinha-1,"-51.57807","-26.04478",,
Rio Azul-2,"-51.57094","-24.35427",,
Linha vegantes-1,"-51.56594","-26.04604",,
agua do Prata,"-51.56507","-26.00646",,
Nova Itacolomi,"-51.55914","-23.76948",,
Linha vegantes-2,"-51.55819","-26.07628",,
Rio Azul-1,"-51.54698","-24.33475",,
Joao Maciano da Silva,"-51.54293","-23.83299",,
Corrego agua do Escovao,"-51.52933","-24.32559",,
(Fazenda) Santa Luzia,"-51.52815","-22.69115",,
Barra do Ribeirao do Tenente 2,"-51.52231","-22.69228",,
Corrego Feliz,"-51.51984","-24.3167",,
Formoso,"-51.51442","-24.31135",,
Rio Jararaca,"-51.51418","-26.06798",,
Corrego agua do Macaco 3,"-51.51031","-24.30556",,
Ribeirao do Tenente 2,"-51.50861","-22.69669",,
Corrego agua do Macaco 2,"-51.50764","-24.30556",,
Corrego agua do Macaco 1,"-51.50515","-24.30588",,
Nova Itacolomi,"-51.4881","-23.82114",,
Residencial Interlagos 2,"-51.4842","-23.57575",,
bor - 1,"-51.4476","-24.26418",,
bor - 2,"-51.4442","-24.26505",,
Corrego da Maca,"-51.44011","-24.25701",,
Corrego Feio - 1,"-51.43823","-24.25715",,
Corrego Feio - 3,"-51.43527","-24.2557",,
Corrego da Cobra,"-51.42897","-24.2592",,
Corrego Feio - 2,"-51.42773","-24.25467",,
agua da Consulta - 3,"-51.4265","-24.253",,
agua da Consulta - 2,"-51.42491","-24.25188",,
agua da Consulta - 1,"-51.40966","-24.24977",,
Corrego Sao Sebastiao - 2,"-51.40943","-24.24586",,
Corrego Sao Sebastiao - 3,"-51.40808","-24.24603",,
PCH ConfluaÉa™ncia 6,"-51.40714","-24.92938",,
Corrego Sao Sebastiao - 4,"-51.40428","-24.24419",,
Jose Bonetti 2,"-51.40218","-24.95035",,
PCH ConfluaÉa™ncia 5,"-51.39668","-24.8978",,
PCH ConfluaÉa™ncia 2,"-51.39619","-24.89597",,
PCH ConfluaÉa™ncia 4,"-51.39463","-24.90421",,
PCH ConfluaÉa™ncia 1,"-51.39321","-24.90016",,
Corrego do Salto 2,"-51.39167","-22.66777",,
PCH ConfluaÉa™ncia 3,"-51.39166","-24.89214",,
Rio Branco - 1,"-51.38964","-24.23911",,
Casa Subterranea Bela Vista,"-51.38715","-24.00359",,
Fazenda Ribeirao Bonito - 1,"-51.37778","-24.234",,
Wur,"-51.3757","-26.05607",,
Linha Iguacu,"-51.3559","-26.0298",,
SC-CN-10,"-51.33524","-27.59085",,
SC-CN-02,"-51.32934","-27.59169",,
SC-CR-03,"-51.32498","-27.60791",,
SC-CN-01,"-51.31782","-27.587",,
SC-CN-03,"-51.31691","-27.5897",,
SC-CN-09,"-51.31611","-27.59338",,
Anel (Ribeiro),"-51.31443","-27.76982",,
Estirao Comprido,"-51.30608","-24.76736",,
Sao Vicente,"-51.28176","-26.14692",,
Casas,"-51.27855","-27.79096",,
RS-C-14,"-51.27816","-29.62947",,
S18,"-51.26986","-28.02582",,
S17,"-51.26823","-27.99287",,
Rio Alonso,"-51.26798","-24.20597",,
S20,"-51.26705","-27.95514",,
PR UV 38,"-51.26602","-26.131",,
S24,"-51.26478","-27.9939",,
S23,"-51.26452","-27.9681",,
ceramica,"-51.26131","-28.01184",,
S16,"-51.25973","-28.01184",,
Prainha,"-51.25819","-26.1289",,
Corinta,"-51.25772","-27.96817",,
S3,"-51.25743","-28.02098",,
Corinta2,"-51.25617","-27.96745",,
S15,"-51.25603","-28.0169",,
Darci,"-51.25541","-28.00878",,
S8,"-51.25513","-28.00784",,
Casas (Bittencourt),"-51.25331","-28.00726",,
S7,"-51.25196","-28.01351",,
S10 Irineu,"-51.25082","-27.9971",,
SC-CN-07,"-51.25028","-27.60012",,
SC-CN-06,"-51.24962","-27.59957",,
S11,"-51.24912","-28.01144",,
S6,"-51.24698","-28.0154",,
S2,"-51.24606","-28.02795",,
S5,"-51.23772","-28.02887",,
S21,"-51.23511","-28.01739",,
S22,"-51.23353","-28.01389",,
S4,"-51.23321","-28.03232",,
SC-CR-10,"-51.23016","-27.65058",,
Material,"-51.22523","-27.88365",,
casas,"-51.22487","-27.87544",,
Casa (Vargas),"-51.22293","-27.88558",,
SC-CR-05,"-51.22081","-27.63465",,
Casas,"-51.21565","-27.81672",,
S1,"-51.21489","-28.06378",,
material,"-51.21403","-27.81648",,
P05,"-51.21068","-27.83936",,
SC-CR-04,"-51.2078","-27.64083",,
SC-CR-06,"-51.20577","-27.64253",,
SC-CN-05,"-51.20517","-27.60507",,
Celso Furtado,"-51.20464","-27.83174",,
S14,"-51.1952","-28.0478",,
Anel 3,"-51.19342","-27.82711",,
Anel 4,"-51.1934","-27.82644",,
Avelino 1,"-51.19301","-27.83167",,
SC-AG-47,"-51.19256","-27.61783",,
Avelino 4,"-51.19124","-27.82827",,
Anel 2,"-51.19107","-27.82765",,
Anel 1,"-51.19097","-27.83",,
milharal,"-51.19022","-27.8285",,
Leopoldo 4,"-51.19016","-27.82624",,
Leopoldo 3,"-51.18917","-27.82928",,
estr. circ.,"-51.1854","-27.83416",,
SC-AG-47,"-51.18368","-27.76888",,
Leopoldo 1,"-51.18361","-27.8284",,
SC-AG-40,"-51.18262","-27.76608",,
Guri 1,"-51.18233","-27.84553",,
Artino,"-51.1822","-27.8459",,
Guri 2,"-51.18216","-27.84625",,
Ortigueira 108,"-51.18106","-24.15541",,
Leopoldo 5,"-51.18093","-27.82167",,
SC-AG-100,"-51.17987","-27.76197",,
Leopoldo 7,"-51.17946","-27.82296",,
SC-AG-98,"-51.17919","-27.76108",,
SC-AG-105,"-51.17906","-27.76086",,
Orival,"-51.17825","-27.84302",,
SC-AG-95,"-51.17447","-27.76791",,
Ortigueira 109,"-51.17397","-24.1763",,
Pedreira,"-51.1726","-27.83991",,
Rancho Alegre 3,"-51.17212","-24.17828",,
Ari 3,"-51.17165","-27.84059",,
Rancho Alegre 1,"-51.17078","-24.18018",,
Ari 4,"-51.17072","-27.84109",,
Ari 2,"-51.16963","-27.84419",,
SC-AG-99,"-51.16933","-27.76088",,
Ari 1,"-51.16592","-27.84592",,
Gine,"-51.16494","-27.82863",,
Carneiro,"-51.16242","-27.82933",,
Casas,"-51.1624","-28.16932",,
Carneiro2,"-51.1602","-27.82792",,
estr. circ.,"-51.15847","-27.85201",,
SuperfaÉa≠cie,"-51.15809","-28.17323",,
estr. circ.,"-51.1575","-27.8553",,
Casa (Mate),"-51.15744","-27.90204",,
SC-AB-29,"-51.15517","-27.61657",,
Lajeado Seco,"-51.15516","-24.15671",,
RS-A-87,"-51.15417","-28.89566",,
SC-AB-31,"-51.15218","-27.61563",,
Joao Varella,"-51.15152","-27.85876",,
SC-AG-50,"-51.15027","-27.62934",,
casas,"-51.14987","-27.84897",,
SC-AB-99,"-51.14987","-27.61442",,
SC-AB-20,"-51.14886","-27.61068",,
Abrigo Bruacas,"-51.14816","-26.09098",,
casas,"-51.148","-27.84625",,
SC-AG-40,"-51.14788","-27.62455",,
P14,"-51.14722","-27.85809",,
SC-AB-34,"-51.14583","-27.60915",,
SC-AB-11,"-51.14513","-27.60288",,
SC-AB-14,"-51.1451","-27.6044",,
RS-107,"-51.14482","-29.17246",,
Casa sub (Alice Borges),"-51.14384","-27.88405",,
SC-AG-42,"-51.14349","-27.62361",,
SC-AB-08,"-51.14181","-27.60514",,
SC-AB-04,"-51.14124","-27.60009",,
SC-AB-07,"-51.14015","-27.60322",,
SC-AB-05,"-51.13987","-27.60013",,
Duarte 2,"-51.1381","-27.83834",,
Duarte,"-51.13756","-27.83361",,
SC-AG-110,"-51.13309","-27.73412",,
Ribeirao Sabugueiro 2,"-51.13197","-24.16968",,
SC-AB-42,"-51.13145","-27.61979",,
Ribeirao Sabugueiro 1,"-51.13024","-24.16896",,
RS-106,"-51.12918","-29.13324",,
RS-A-86,"-51.12828","-28.89344",,
SC-AG-111,"-51.12722","-27.75631",,
SC-AG-117,"-51.12598","-27.73271",,
SC-AB-50,"-51.12459","-27.61088",,
SC-AB-43,"-51.12428","-27.61839",,
RS-71,"-51.12424","-29.07567",,
SC-AB-51,"-51.12418","-27.60804",,
SC-AG-106,"-51.12354","-27.71855",,
SC-AB-46,"-51.12275","-27.61607",,
SC-AB-49,"-51.12131","-27.61424",,
SC-AG-109,"-51.12091","-27.71365",,
Conceicao,"-51.12048","-27.87",,
SC-AB-48,"-51.11995","-27.61496",,
SC-AG-107,"-51.11988","-27.71698",,
SC-AG-116,"-51.11912","-27.70615",,
SC-AG-108,"-51.11816","-27.71725",,
SC-AB-55,"-51.11815","-27.61093",,
Conceicao,"-51.11807","-27.8686",,
SC-AG-115,"-51.11717","-27.71417",,
Conceicao,"-51.11714","-27.86492",,
SC-AG-113,"-51.11524","-27.78965",,
SC-AB-56,"-51.11133","-27.60767",,
SC-AG-112,"-51.11106","-27.69624",,
SC-AG-64,"-51.11089","-27.63212",,
RS-133,"-51.10966","-29.11296",,
SC-AG-114,"-51.1088","-27.7169",,
RS-66,"-51.10805","-29.11223",,
RS-103,"-51.10689","-29.11229",,
SC-AB-60,"-51.10507","-27.62537",,
SC-AB-62,"-51.10302","-27.62983",,
SC-AG-65,"-51.09867","-27.63752",,
Casas,"-51.0985","-27.96696",,
Casas,"-51.09558","-27.95957",,
SC-AB-66,"-51.09554","-27.6268",,
Zezinho 2,"-51.09531","-27.89162",,
Zezinho 1,"-51.09244","-27.88793",,
RS-64,"-51.09116","-29.11675",,
RS-A-57,"-51.09097","-28.93284",,
SC-AG-76,"-51.09022","-27.63887",,
RS-A-96,"-51.08717","-28.93791",,
Anete,"-51.08708","-29.12158",,
RS-A-51,"-51.08654","-28.95228",,
SC-AG-77,"-51.08565","-27.63783",,
SC-AB-76,"-51.08559","-27.65446",,
RS-A-52,"-51.08486","-28.97435",,
SC-AB-75,"-51.08456","-27.65415",,
SC-AB-77,"-51.08356","-27.6535",,
RS-70,"-51.08115","-29.10053",,
SC-AG-68,"-51.08059","-27.62848",,
SC-AB-73,"-51.08058","-27.64063",,
RS-65,"-51.07802","-29.12076",,
RS-121,"-51.07349","-29.09247",,
Casas,"-51.06973","-28.05655",,
SC-AG-75,"-51.06625","-27.66013",,
SC-AB-79,"-51.06588","-27.63852",,
RS-A-55,"-51.06284","-28.93699",,
RS-A-54,"-51.06176","-28.97855",,
RS-A-56,"-51.05986","-28.93693",,
Casas,"-51.05959","-28.12149",,
SC-AG-25,"-51.05931","-27.65156",,
SC-AB-80,"-51.05801","-27.64141",,
SC-AB-81,"-51.05641","-27.63964",,
SC-AB-111,"-51.05398","-27.63231",,
RS-A-68,"-51.05381","-28.96471",,
SC-AG-23,"-51.05313","-27.65605",,
SC-AB-104,"-51.05286","-27.63525",,
SC-AB-83,"-51.0528","-27.63612",,
RS-A-53,"-51.05192","-28.9603",,
RS-A-74,"-51.05163","-28.96205",,
RS-A-75,"-51.05056","-28.96237",,
RS-A-69,"-51.04983","-29.00123",,
RS-A-98,"-51.04967","-28.98253",,
RS-69,"-51.04957","-29.07657",,
SC-AG-13,"-51.04894","-27.64197",,
SC-AB-96,"-51.04856","-27.63189",,
RS-A-76,"-51.04844","-28.96257",,
SC-AG-18,"-51.04793","-27.65662",,
SC-AB-85,"-51.04764","-27.63716",,
SC-AG-19,"-51.04729","-27.65771",,
RS-A-78,"-51.04725","-28.96374",,
RS-A-95,"-51.04512","-28.96046",,
SuperfaÉa≠cie,"-51.0449","-27.94145",,
Casas,"-51.0417","-27.93646",,
SC-AB-108,"-51.04144","-27.63392",,
SC-AG-16,"-51.04137","-27.65141",,
SC-AG-11,"-51.04074","-27.64254",,
RS-A-60,"-51.0404","-28.96216",,
SC-AB-86,"-51.04019","-27.63476",,
Rio CaetaÉa™ 1,"-51.0385","-24.14586",,
RS-A-89,"-51.03561","-28.95788",,
Casas,"-51.03553","-27.93381",,
SC-AB-87,"-51.03542","-27.63702",,
SC-AG-10,"-51.03535","-27.64455",,
RS-A-72B,"-51.03419","-29.00705",,
RS-A-85,"-51.03342","-28.85441",,
SC-AB-88,"-51.03339","-27.6384",,
RS-68,"-51.03296","-29.0779",,
SC-AG-08,"-51.0324","-27.64694",,
SC-AG-07,"-51.03016","-27.64478",,
RS-A-83,"-51.03008","-28.85516",,
SC-AG-09,"-51.02938","-27.64775",,
SC-AG-06,"-51.02784","-27.64695",,
RS-A-82,"-51.02709","-28.8539",,
RS-A-81,"-51.02655","-28.85555",,
RS-A-84,"-51.02561","-28.8563",,
SC-AG-05,"-51.02529","-27.6446",,
RS-A-100,"-51.02437","-28.86954",,
SC-AG-04,"-51.02409","-27.64521",,
Ribeirao Barreiro 2,"-51.02353","-24.14003",,
SC-AG-12,"-51.02293","-27.6618",,
RS-A-59,"-51.0215","-28.9784",,
RS-A-58,"-51.02136","-28.97696",,
SC-AB-95,"-51.02019","-27.63165",,
RS-A-80,"-51.01963","-28.90879",,
SC-AB-91,"-51.01946","-27.63785",,
RS-A-64,"-51.01936","-28.87682",,
SC-AG-03,"-51.01823","-27.64444",,
RS-A-62,"-51.01756","-28.87394",,
SC-AB-93,"-51.01728","-27.63611",,
RS-A-79,"-51.01683","-28.90441",,
RS-34,"-51.01196","-29.21027",,
SC-AG-02,"-51.00887","-27.64244",,
RS-128,"-51.00738","-29.20949",,
RS-A-90,"-51.0027","-28.96257",,
RS-130,"-50.99914","-29.21917",,
RS-PE-22,"-50.99876","-27.9717",,
RS-38,"-50.99756","-29.20493",,
RS-78,"-50.99566","-28.90616",,
RS-37,"-50.99511","-29.207",,
RS-A-61,"-50.99453","-28.94513",,
RS-80,"-50.99305","-28.91509",,
RS-UP-262,"-50.98895","-27.94913",,
RS-A-45,"-50.98845","-28.69293",,
RS-UP-261,"-50.98509","-27.9483",,
Abrigo sob rocha Casa de Pedra,"-50.9816","-26.07978",,
RS-77,"-50.97989","-28.91627",,
RS-76,"-50.97972","-28.8962",,
RS-UP-267,"-50.97821","-27.98769",,
RS-UP-265,"-50.97811","-27.98338",,
RS-UP-266,"-50.97787","-27.98603",,
RS-UP-263,"-50.97645","-27.98483",,
RS-UP-268,"-50.9757","-27.98736",,
RS-75,"-50.97325","-28.89433",,
Fazenda Garcia 1,"-50.96136","-23.08226",,
RS-A-33,"-50.95905","-28.73689",,
Fazenda Garcia 2,"-50.95889","-23.08765",,
RS-A-32,"-50.95763","-28.73267",,
Paulo Durao 1,"-50.95732","-23.02106",,
RS-40,"-50.9471","-29.03246",,
RS-UP-271,"-50.94266","-27.99513",,
RS-A-27,"-50.93575","-28.67492",,
RS-74,"-50.93183","-28.88188",,
RS-A-47,"-50.93107","-28.55461",,
Ribeirao do Burro 1,"-50.93097","-24.11278",,
RS-A-29,"-50.92827","-28.68164",,
RS-A-30,"-50.9275","-28.69141",,
SaÉa≠tio Jataizinho 1,"-50.92749","-23.26865",,
RS-A-31,"-50.9177","-28.71004",,
T.I. Apucara Pari 13,"-50.91754","-23.82247",,
T.I. Apucara Pari 14,"-50.91715","-23.82144",,
T.I. Apucara Pari 09,"-50.91312","-23.81844",,
T.I. Apucara Pari 12,"-50.91312","-23.82141",,
T.I. Apucara Pari 08,"-50.90932","-23.80064",,
RS-73,"-50.90852","-28.86292",,
T.I. Apucara Pari 11,"-50.90529","-23.81769",,
T.I. Apucara Pari 06,"-50.90487","-23.80075",,
T.I. Apucara Pari 05,"-50.90459","-23.80075",,
T.I. Apucara Pari 07,"-50.90459","-23.80055",,
T.I. Apucara Pari 10,"-50.90432","-23.81747",,
T.I. Apucara 03,"-50.90126","-23.79852",,
T.I. Apucara Pari 04,"-50.90071","-23.79852",,
T.I. Apucara 11,"-50.89904","-23.74769",,
T.I. Apucara Pari 1,"-50.89848","-23.74658",,
T.I. Apucara Pari 02,"-50.89598","-23.74214",,
T.I. Apucara Pari 03,"-50.89598","-23.74214",,
T.I. Barao de Antoni 5,"-50.88823","-23.6678",,
T.I. Barao de Antoni 9,"-50.88765","-23.65555",,
T.I. Barao de Antoni 11,"-50.88671","-23.65613",,
T.I. Barao de Antoni 7,"-50.88637","-23.68422",,
T.I. Barao de Antoni 23,"-50.88198","-23.69605",,
RS-32,"-50.88027","-29.14417",,
T.I. Barao de Antoni 22,"-50.87779","-23.7068",,
Da Rosa,"-50.87669","-29.07961",,
RS-62,"-50.87299","-29.08847",,
RS-33,"-50.87248","-29.09888",,
T.I. Barao de Antoni 21,"-50.87193","-23.70969",,
T.I. Barao de Antoni 16,"-50.87179","-23.70908",,
T.I. Barao de Antoni 1,"-50.87071","-23.66747",,
T.I. Barao de Antoni 14,"-50.87059","-23.70777",,
T.I. Barao de Antoni 17,"-50.86848","-23.71033",,
T.I. Barao de Antoni 19,"-50.86823","-23.70769",,
T.I. Barao de Antoni 20,"-50.86823","-23.70769",,
T.I. Barao de Antoni 18,"-50.8679","-23.70766",,
T.I. Barao de Antoni 15,"-50.86709","-23.6838",,
SC-CL-66,"-50.86543","-27.59113",,
RS-63,"-50.86091","-29.08411",,
Scain,"-50.86091","-28.98411",,
T.I. Barao de Antoni 12,"-50.85668","-23.67419",,
RS-UP-269,"-50.83982","-28.1338",,
RS-UP-270,"-50.83725","-28.14168",,
RS-A-46,"-50.8348","-28.68531",,
RS-A-46a,"-50.83153","-28.6857",,
RS-A-43,"-50.81562","-28.5317",,
RS-A-44,"-50.8153","-28.53491",,
RS-A-42,"-50.81256","-28.72862",,
Corrego Marrequinha 1,"-50.80868","-24.07338",,
SC-CL-67,"-50.80533","-27.47575",,
Ribeirao Mococa 1,"-50.79289","-24.07015",,
RS-S-61,"-50.79033","-29.64282",,
RS-PQ-30,"-50.78915","-28.32312",,
RS-A-39,"-50.78788","-28.68888",,
RS-A-34,"-50.78736","-28.68928",,
RS-A-38,"-50.78652","-28.68642",,
SapaÉa™ 2,"-50.77858","-24.06",,
RS-A-37,"-50.77765","-28.68974",,
Fazenda Bonza,"-50.77726","-24.02944",,
Fazenda Bom Retiro II,"-50.77713","-24.12395",,
RS-A-35,"-50.77596","-28.68715",,
Pedro Holupa,"-50.7749","-25.83391",,
RS-UP-259,"-50.77483","-28.21152",,
RS-A-36,"-50.77146","-28.68642",,
Popasa 4,"-50.76689","-25.83373",,
RS-UP-260,"-50.76496","-28.20917",,
Arroio Belo 1,"-50.76485","-24.04916",,
Arroio Belo 4,"-50.76405","-24.052",,
Popasa 3,"-50.76109","-25.83524",,
Arroio Belo 8,"-50.75832","-24.04376",,
RS-A-41,"-50.75793","-28.71637",,
Arroio Belo 6,"-50.75714","-24.04509",,
RS-A-40,"-50.7564","-28.71546",,
Estaleiro,"-50.75191","-24.24508",,
Arroio Belo 9,"-50.74972","-24.05165",,
SC-CL-65,"-50.74951","-27.62698",,
Arroio Belo da Boa Ventura 4,"-50.74859","-24.03822",,
SC-CL-63,"-50.74792","-27.59804",,
SC-CL-64,"-50.74787","-27.58987",,
Arroio Belo 12,"-50.747","-24.05466",,
Enforcado,"-50.74661","-24.24746",,
Arroio Belo da Boa Ventura 3,"-50.74588","-24.03276",,
SC-CL-83,"-50.74453","-27.46904",,
Arroio Belo da Boa Ventura 2,"-50.74378","-24.03429",,
Estaleiro II,"-50.74376","-24.24765",,
Abreu Garcia,"-50.74211","-27.67008",,
SC-CL-82,"-50.73935","-27.47121",,
Arenoso,"-50.7368","-24.23626",,
Campi IV,"-50.73616","-24.25044",,
Campi IX,"-50.73545","-24.24988",,
SC-CL-81,"-50.73358","-27.47249",,
SC-CL-80,"-50.73077","-27.47667",,
Boa Esperanca,"-50.73002","-24.16473",,
RS-UP-253/258,"-50.72993","-28.28675",,
Ramal 1,"-50.72913","-24.25295",,
LetaÉa≠cia,"-50.72761","-24.16766",,
Cascavel,"-50.72715","-24.24321",,
Campi,"-50.72582","-24.2528",,
Ladislau Brancowski II,"-50.72553","-24.16695",,
Fase Taquara,"-50.72546","-29.48643",,
Campi I,"-50.72264","-24.2517",,
Arvorezinha,"-50.71777","-24.23542",,
Campi II,"-50.71598","-24.24608",,
Garimpo,"-50.71595","-24.23787",,
Salto dos Alemaes I,"-50.71263","-24.1786",,
Torre Vigilancia Campi,"-50.71188","-24.21394",,
Campi III,"-50.71037","-24.25189",,
RS-UP-251,"-50.7089","-28.28214",,
UHE Presidente Vargas I,"-50.7078","-24.05858",,
Campi V,"-50.70468","-24.25231",,
RS-UP-250,"-50.70388","-28.27136",,
Valdeci Forquim II,"-50.70281","-24.06818",,
MauaÉa° IV,"-50.69946","-24.05479",,
Caieira I,"-50.69805","-24.24068",,
RS-PQ-17,"-50.69732","-28.32631",,
RS-PQ-16,"-50.69658","-28.32736",,
Campi VI,"-50.69615","-24.24967",,
Fase Taquara,"-50.69521","-29.47555",,
Caieira II,"-50.69518","-24.24178",,
RS-PQ-01,"-50.69408","-28.32772",,
Estreito I,"-50.69225","-24.24307",,
Estreito II,"-50.68936","-24.24416",,
Atol,"-50.68596","-24.24852",,
Pedreia I,"-50.68521","-24.24293",,
Bairro Xaxim 3,"-50.68478","-24.02767",,
Pedreia II,"-50.68478","-24.24423",,
Valdomiro Carvalho da Silva II,"-50.68294","-24.16736",,
Bairro Xaxim 2,"-50.68041","-24.02383",,
RS-PQ-11,"-50.67994","-28.33556",,
Pinheiro I,"-50.67766","-24.24808",,
Pinheiro II,"-50.67677","-24.24902",,
Fase Taquara,"-50.67642","-29.3975",,
SC-CL-74,"-50.67637","-27.62061",,
Machado I,"-50.67441","-24.25056",,
Machado II,"-50.67394","-24.2511",,
SC-CL-69,"-50.67334","-27.56397",,
RS-PQ-02,"-50.6726","-28.3386",,
Pindo II,"-50.67094","-24.25367",,
Pindo I,"-50.67084","-24.25328",,
RS-PQ-04,"-50.67084","-28.33496",,
Pindo III,"-50.67039","-24.2536",,
Pindo IV,"-50.67031","-24.25421",,
RS-PQ-07,"-50.66977","-28.33856",,
SC-CL-68,"-50.66786","-27.5644",,
Acampamento,"-50.66599","-24.2578",,
Kochinski 3,"-50.66541","-25.89571",,
Cipo,"-50.6652","-24.26012",,
Fase Taquara,"-50.6644","-29.37488",,
agua da Cangaia,"-50.66416","-24.01563",,
Kochinski 2,"-50.66355","-25.89158",,
Bairro Xaxim 1,"-50.65854","-24.02921",,
SC-CL-92,"-50.65725","-27.63367",,
Gov 5,"-50.65528","-28.69197",,
Gov 12,"-50.65449","-28.65907",,
Fase Taquara,"-50.65251","-29.38219",,
SC-CL-62,"-50.65151","-27.6371",,
SC-PQ-01,"-50.65049","-28.33731",,
SC-CL-77,"-50.64862","-27.54009",,
SaÉa≠tio Camargo 2,"-50.64743","-24.01649",,
SC-PQ-02,"-50.64673","-28.32814",,
SC-CL-61,"-50.64653","-27.64122",,
SC-CL-78,"-50.6452","-27.53809",,
SC-CL-75,"-50.64501","-27.54303",,
Corrego do Felisberto 2,"-50.64274","-24.01992",,
SC-CL-79,"-50.64058","-27.53819",,
Corrego do Felisberto 3,"-50.64015","-24.02141",,
SC-CL-76,"-50.63994","-27.54117",,
SC-CL-41,"-50.63889","-27.70193",,
SC-CL-70,"-50.63727","-27.55173",,
SC-CL-71,"-50.63654","-27.55667",,
Rio Braco do Potinga 1,"-50.63206","-25.8791",,
SC-CL-73,"-50.6257","-27.60642",,
SC-CL-42,"-50.62516","-27.69107",,
SC-CL-53,"-50.62083","-27.65828",,
SC-CL-54,"-50.61982","-27.6609",,
SC-CL-72,"-50.61923","-27.60245",,
SC-CL-52,"-50.61106","-27.63675",,
Campi IV,"-50.60882","-24.25308",,
Fase Taquara,"-50.60863","-29.51715",,
SC-CL-49,"-50.60815","-27.65725",,
Bairro do Felisberto,"-50.60806","-24.02814",,
SC-CL-51,"-50.60645","-27.63722",,
SC-CL-48,"-50.60487","-27.64034",,
SC-CL-50,"-50.60467","-27.63735",,
SC-CL-47,"-50.60166","-27.64111",,
Gov 4,"-50.6013","-28.73669",,
SC-CL-58,"-50.60013","-27.63758",,
Gov 3,"-50.60004","-28.73739",,
SC-CL-46,"-50.59929","-27.64136",,
SC-CL-45,"-50.59765","-27.64073",,
Gov 8,"-50.59738","-28.74484",,
Gov 6,"-50.59723","-28.74719",,
SC-PQ-37,"-50.59705","-28.34171",,
Gov 2a m,"-50.59641","-28.74066",,
Gov 2a,"-50.59617","-28.74103",,
SC-CL-57,"-50.59608","-27.63328",,
Gov 2,"-50.59516","-28.74115",,
SC-CL-55,"-50.59314","-27.64651",,
Gov 1,"-50.59307","-28.74184",,
SC-CL-94,"-50.59257","-27.64163",,
Gov 10,"-50.59238","-28.68295",,
SC-PQ-09,"-50.59208","-28.36004",,
SC-CL-56,"-50.59187","-27.64069",,
SC-CL-44,"-50.59131","-27.64795",,
SC-CL-43a,"-50.59112","-27.64159",,
Gov 9,"-50.59088","-28.74617",,
SC-PQ-10,"-50.59077","-28.36107",,
SC-CL-59,"-50.59075","-27.63815",,
SC-PQ-08,"-50.58964","-28.36206",,
SC-CL-43,"-50.58842","-27.64281",,
SC-CL-93,"-50.57053","-27.68729",,
SC-CL-60,"-50.55576","-27.60222",,
Rio do Cafe 5,"-50.54193","-24.01788",,
Horta KLABIN Lagoa,"-50.5405","-24.22255",,
SC-CL-22,"-50.53829","-27.85552",,
SC-CL-21,"-50.52291","-27.85477",,
SC-PQ-16,"-50.52246","-28.34985",,
SC-PQ-14,"-50.52176","-28.37387",,
SC-CL-20,"-50.5212","-27.86276",,
SC-CL-19,"-50.51794","-27.86783",,
Fundo dos Almos,"-50.51714","-28.69656",,
SC-CL-18,"-50.5147","-27.87474",,
Trevisan,"-50.51124","-28.7899",,
SC-CL-17,"-50.51009","-27.88135",,
SC-PQ-13,"-50.50778","-28.35992",,
SC-PQ-05,"-50.50323","-28.40386",,
SC-PQ-06,"-50.50293","-28.40319",,
SC-PQ-07,"-50.49803","-28.37221",,
Barreiro,"-50.49183","-28.80609",,
RS-LC-96,"-50.47817","-30.36901",,
SC-PQ-25,"-50.46539","-28.38494",,
Sao Jose II,"-50.46328","-28.69203",,
Sao Jose,"-50.46209","-28.69279",,
Sao Jose IV,"-50.45986","-28.69587",,
Sao Jose III,"-50.45876","-28.69408",,
Mandassaia,"-50.45574","-28.69641",,
SC-PQ-11,"-50.45012","-28.36925",,
Charles Fonta,"-50.44813","-28.64791",,
RS-S-430,"-50.4404","-29.7105",,
Nhapindazal,"-50.43927","-25.78903",,
SC-PQ-12,"-50.43892","-28.38457",,
Helio Dutra,"-50.43637","-28.70763",,
RS-S-429,"-50.43593","-29.70476",,
Sassafras,"-50.43493","-25.79113",,
Pinheiral,"-50.43223","-25.79238",,
Cedrinho,"-50.43205","-25.80027",,
Erveiras,"-50.43194","-25.79283",,
Serelepe,"-50.43147","-25.79735",,
Barra do Morais 2,"-50.42734","-28.79564",,
Rio das Pedras 2,"-50.42725","-25.79086",,
Enio Vian,"-50.42535","-28.67854",,
RS-AN-03,"-50.42409","-28.67342",,
Enio Vian II,"-50.42198","-28.67941",,
SC-PQ-18,"-50.41424","-28.31192",,
SC-PQ-17,"-50.41248","-28.31072",,
SC-PQ-58,"-50.40486","-28.39537",,
Olavo Becker II,"-50.40024","-28.65265",,
Rio Alecrim 1,"-50.39181","-24.01084",,
Claudio Jr III,"-50.38798","-28.69372",,
SC-CL-37,"-50.38751","-27.47092",,
Claudio Jr II,"-50.3865","-28.6909",,
Claudio Jr,"-50.3845","-28.69107",,
SC-PQ-68,"-50.38361","-28.43344",,
Acauan I,"-50.38021","-28.6662",,
Acauan II,"-50.37749","-28.66306",,
Acauan III,"-50.36514","-28.66235",,
Rio Alecrim 2,"-50.35919","-24.01165",,
SC-PQ-41,"-50.35586","-28.3328",,
SC-PQ-55,"-50.35586","-28.40074",,
Carauno 5,"-50.34945","-28.71667",,
Carauno 1,"-50.34529","-28.77539",,
Carauno 3,"-50.34399","-28.77054",,
Corrego da Raposa-3,"-50.33979","-22.95055",,
RS-PQ-36,"-50.33866","-28.44372",,
RS-PQ-37,"-50.33759","-28.44572",,
Carauno 2,"-50.33698","-28.77266",,
RS-LC-83,"-50.33139","-30.38483",,
Plataforma Lages,"-50.32283","-27.79224",,
RS-LC-84,"-50.32234","-30.39018",,
Carauno 7,"-50.32183","-28.69518",,
Carauno 6,"-50.32081","-28.69518",,
SC-CL-15,"-50.3175","-28.07452",,
Carauno 4,"-50.31474","-28.73146",,
RS-PQ-29,"-50.30653","-28.43843",,
RS-PQ-28,"-50.30579","-28.43818",,
SC-CL-40,"-50.29924","-27.42827",,
Fase Taquara,"-50.29335","-29.7541",,
RS-PQ-19,"-50.29265","-28.45264",,
Pascoal 2,"-50.29251","-28.60075",,
RS-PQ-20,"-50.29075","-28.45304",,
RS-PQ-22,"-50.27886","-28.45582",,
RS-PQ-23,"-50.2777","-28.45589",,
RS-PQ-21,"-50.27572","-28.45678",,
SC-CL-38,"-50.26965","-27.43619",,
SC-CL-39,"-50.2688","-27.42839",,
Pascoal 1,"-50.26836","-28.6003",,
SC-PQ-78,"-50.26732","-28.33413",,
RS-PQ-24,"-50.26539","-28.45562",,
SC-CL-16,"-50.26398","-28.10921",,
RS-PQ-27,"-50.24793","-28.43033",,
Cavers do Morro Azul,"-50.24144","-24.16608",,
SC-CL-27,"-50.23467","-27.78866",,
SC-CL-26,"-50.22175","-27.79838",,
Rio Laranjinha,"-50.21128","-23.99546",,
SC-CL-25,"-50.20968","-27.79492",,
SC-CL-24,"-50.20704","-27.80513",,
SC-CL-30,"-50.20092","-27.67006",,
SC-CL-28,"-50.2007","-27.67662",,
Abrigo-sob-rocha Tus,"-50.20031","-23.99788",,
SC-CL-31,"-50.19602","-27.66614",,
SC-CL-29,"-50.19314","-27.66993",,
SC-CL-36,"-50.18143","-27.57972",,
SC-CL-35,"-50.17769","-27.58437",,
SC-CL-34,"-50.16872","-27.59783",,
SC-CL-33,"-50.16661","-27.60319",,
SC-CL-32,"-50.16517","-27.6084",,
Fase Guatambu,"-50.149","-28.8018",,
SC-CL-14,"-50.14644","-27.8716",,
agua Caratuva-2,"-50.14456","-23.9831",,
SC-TA-01,"-50.14067","-27.10267",,
agua Caratuva-3,"-50.13323","-23.98481",,
Imbe 02,"-50.13251","-29.92238",,
Rio do Cafe-1,"-50.13068","-23.98464",,
SC-CL-10,"-50.11854","-27.85906",,
SC-CL-13,"-50.11756","-27.87609",,
Rio do Cafe-2,"-50.11316","-23.98922",,
SC-CL-11,"-50.11003","-27.88816",,
RS-LN-17,"-50.10971","-29.90067",,
SC-CL-9,"-50.10297","-27.85848",,
RS-LN-18,"-50.10238","-29.88815",,
SC-CL-12,"-50.08715","-27.88082",,
Fase Guatambu,"-50.0826","-28.80921",,
Abrigo Usi Sao Joao,"-50.07808","-25.02173",,
Rio do Cafe 5,"-50.0459","-23.97694",,
RS-LN-19,"-50.04366","-29.79079",,
Santa Barbara 7,"-50.04149","-25.56974",,
Santa Barbara 1,"-50.04146","-25.57406",,
Fase Guatambu,"-49.96616","-28.49371",,
Fase Guatambu,"-49.95031","-28.54495",,
SC-CL-6,"-49.94351","-27.7384",,
Fase Guatambu,"-49.88691","-28.49731",,
Fase Guatambu,"-49.84116","-28.46197",,
PR CT 02,"-49.82009","-25.68689",,
Capao Bonito 1,"-49.79999","-25.68443",,
PR CT 32,"-49.79648","-25.67503",,
Rio Capivari 2,"-49.78916","-25.67551",,
RS-LN-22,"-49.77357","-29.396",,
RS-LN-03,"-49.76897","-29.38718",,
SC-CL-4,"-49.75381","-27.5551",,
Torre 244 LT230kV Bat-Jag,"-49.7519","-24.46661",,
Torre 229 LT230kV Bat-Jag,"-49.75178","-24.51662",,
Torre 247 LT230kV Bat-Jag,"-49.74761","-24.45322",,
Torre 248 LT230kV Bat-Jag,"-49.74669","-24.45035",,
Acesso a torre 245 LT230kV Bat-Jag,"-49.7454","-24.46987",,
Torre 250 LT230kV Bat-Jag,"-49.74349","-24.44036",,
SC-CL-1,"-49.74207","-27.58031",,
Torre 252 LT230kV Bat-Jag,"-49.74075","-24.43181",,
Torre 253 LT230kV Bat-Jag,"-49.73951","-24.42794",,
Torre 256 LT230kV Bat-Jag,"-49.7359","-24.41668",,
SC-CL-2,"-49.73451","-27.58537",,
Torre 259 LT230kV Bat-Jag,"-49.73246","-24.40593",,
Torre 260 LT230kV Bat-Jag,"-49.73062","-24.40021",,
SC-CL-3,"-49.71698","-27.59408",,
Rio Bonito,"-49.71342","-25.28016",,
Baldessar 2,"-49.69836","-27.93224",,
Copetti,"-49.69603","-27.9283",,
Baldessar 1,"-49.69578","-28.01457",,
Abrigo JaguariaaÉa≠va 1,"-49.69534","-24.27061",,
Paulino,"-49.67069","-27.89404",,
Carmosino,"-49.66943","-27.93731",,
Rudi,"-49.66765","-27.95445",,
Torre 145 LT 230kV Bat-Jag,"-49.66531","-24.80872",,
Torre 144 LT 230kV Bat-Jag,"-49.66463","-24.81311",,
Urubici 30,"-49.66079","-28.11243",,
Torre 131 LT 230kV Bat-Jag,"-49.65476","-24.86581",,
Nezio 2,"-49.64293","-24.05862",,
Leguinho,"-49.64139","-27.96048",,
Nezio 3,"-49.64127","-24.06139",,
Nezio 1,"-49.6408","-24.05869",,
Torre 99 LT 230kV Bat-Jag,"-49.64009","-25.00367",,
Torre 75 Lt230kV Bat-Jag,"-49.6171","-25.11313",,
Salto do Itarare 12,"-49.61596","-23.58996",,
Torre 73 Lt230kV Bat-Jag,"-49.61467","-25.12358",,
Ilha do Paredao,"-49.61014","-23.62848",,
Urubici 8,"-49.60972","-27.97187",,
agua do Sapateiro,"-49.60908","-23.6317",,
Savoca 3,"-49.60636","-27.98047",,
Savoca 1,"-49.60335","-27.98197",,
Corredeira das Ilhas 1,"-49.60217","-23.45787",,
Urubici 36,"-49.59973","-28.02132",,
Torre 56 Lt230kV Bat-Jag,"-49.5976","-25.19703",,
Urubici 4,"-49.59755","-28.0004",,
ZeSilvio,"-49.59507","-27.99076",,
Nicinha 1,"-49.595","-27.98159",,
Nicinha 2,"-49.59472","-27.98326",,
Ildo 1,"-49.59139","-27.98048",,
Madureira,"-49.58861","-27.99771",,
Riacho 6,"-49.5852","-28.0197",,
Torre 45 Lt230kV Bat-Jag,"-49.5852","-25.25034",,
Rio Itarare 1,"-49.58362","-23.90387",,
Donizete,"-49.58328","-28.03707",,
Abrigo do Mariano,"-49.5832","-24.31959",,
Urubici 26,"-49.58222","-28.00604",,
Nehues,"-49.58056","-27.98675",,
Torre 38 Lt230kV Bat-Jag,"-49.57954","-25.27458",,
Urubici 21,"-49.57659","-27.99035",,
Russas,"-49.57573","-28.03795",,
Baldessar,"-49.57282","-27.99081",,
Riacho 2,"-49.56848","-28.02486",,
Riacho 1,"-49.56804","-28.0277",,
Bonin 2,"-49.55536","-27.99725",,
Cadas 2,"-49.55028","-28.00604",,
Urubici 31,"-49.54964","-27.99853",,
Cadas 1,"-49.54945","-28.00132",,
Mazzon 3,"-49.54639","-27.99798",,
Mazzon 2,"-49.545","-28.01465",,
Mazzon 1,"-49.54444","-27.99916",,
DaSilva,"-49.54318","-28.0075",,
Urubici 20,"-49.53651","-27.99812",,
Urubici 16,"-49.53626","-28.01414",,
Urubici 11,"-49.5362","-28.01279",,
Torre 5 Lt230kV Bat-Jag,"-49.52992","-25.40098",,
Capistrano,"-49.51955","-28.01548",,
Warmeling 3,"-49.5167","-28.01601",,
Abrigo do Pontao,"-49.51623","-24.22715",,
Warmeling 2,"-49.51394","-28.01852",,
Idali Cristo I,"-49.46702","-25.14225",,
Ribeirao das Pedras I,"-49.46494","-24.87104",,
Idali Cristo II,"-49.46488","-25.14643",,
Eudes I,"-49.46479","-24.8752",,
Ribeirao das Pedras II,"-49.46442","-24.87257",,
Sao Sebastiao VI,"-49.46383","-24.85613",,
Fazenda Marrecas VIII,"-49.46355","-24.64999",,
Sao Sebastiao VII,"-49.46295","-24.85938",,
Sao Sebastiao I,"-49.46274","-24.88086",,
Sao Sebastiao V,"-49.46168","-24.85422",,
Sao Sebastiao VIII,"-49.46136","-24.86053",,
Sao Sebastiao II,"-49.46102","-24.88364",,
Morro Grande II,"-49.46072","-24.91597",,
Morro Grande III,"-49.46059","-24.91795",,
Morro Grande I,"-49.46039","-24.91461",,
Ribeirao da ViaÉa∫va I,"-49.4589","-24.88723",,
Ribeirao da ViaÉa∫va II,"-49.45833","-24.88506",,
Sao Sebastiao IV,"-49.45824","-24.85269",,
Nene I,"-49.45722","-24.89074",,
Morro Grande IV,"-49.45631","-24.91989",,
Morro Grande V,"-49.4561","-24.92106",,
Sao Sebastiao III,"-49.45562","-24.85226",,
Ribeirinha I,"-49.45559","-24.89867",,
Ribeirinha II,"-49.45535","-24.90164",,
Arlei Santa I,"-49.4552","-24.89415",,
Morro Grande VI,"-49.45497","-24.92421",,
Sao Sebastiao IX,"-49.45468","-24.86791",,
Morro Grande XV,"-49.45458","-24.93206",,
Morro Grande VII,"-49.45452","-24.92881",,
Morro Grande VIII,"-49.45398","-24.93206",,
Fazenda Volta Grande II,"-49.45214","-24.84978",,
Morro Grande IX,"-49.45116","-24.93582",,
Fazenda Volta Grande I,"-49.44992","-24.84926",,
Pocinhos II,"-49.44838","-25.2277",,
Morro Grande X,"-49.44827","-24.93787",,
Fazenda Campo das Flores I,"-49.44814","-25.18404",,
Fazenda Timbutuva 4,"-49.44666","-25.4605",,
Pocinhos I,"-49.44665","-25.21972",,
Cal Chimelli II,"-49.44594","-25.20557",,
Morro Grande XI,"-49.44588","-24.93893",,
Fazenda Timbutuva 2,"-49.44579","-25.45824",,
Pocinhos III,"-49.44524","-25.23227",,
LaÉa∫cio Salvador,"-49.44455","-27.74345",,
Morro Grande XII,"-49.44399","-24.93891",,
Fazenda Timbutuva 3,"-49.44325","-25.45872",,
Salto da Bomba II,"-49.44319","-24.82152",,
Morro Grande XIII,"-49.44287","-24.9416",,
Fazenda TraÉa™s Amigos I,"-49.44278","-24.83831",,
Lageadinho I,"-49.44162","-24.81261",,
Salto da Bomba I,"-49.44162","-24.81261",,
Valdir Henckmaier,"-49.44149","-27.74848",,
Salto  da Bomba III,"-49.44146","-24.82543",,
Morro Grande XIV,"-49.44138","-24.94186",,
Ermelindo de Souza I,"-49.4402","-27.70275",,
Bomba I,"-49.43938","-24.83344",,
Salto da Bomba IV,"-49.43895","-24.82816",,
Santo AntaÉa¥nio I,"-49.43711","-24.94272",,
Edmundo Kossoski I,"-49.43679","-25.38837",,
LuaÉa≠s Sejanoski I,"-49.4363","-25.42227",,
Casemiro Gogola I,"-49.43576","-25.42574",,
Fazenda Timbutuva 1,"-49.43522","-25.44914",,
Chacara Capivara I,"-49.43416","-25.25323",,
Santo AntaÉa¥nio II,"-49.43381","-24.94521",,
agua Limpa I,"-49.43338","-24.94819",,
Ernesto Cropolato,"-49.43229","-24.78362",,
agua Limpa III,"-49.42916","-24.95284",,
Abrigo TraÉa™s Amigos I,"-49.4284","-24.84087",,
Taquara I,"-49.42668","-24.76961",,
Pouso Bonito I,"-49.42595","-24.95614",,
Abrigo da Janela,"-49.42561","-24.31352",,
Pouso Bonito II,"-49.42343","-24.95937",,
Pouso Bonito III,"-49.42048","-24.9578",,
Joao dos Santos 1,"-49.41922","-24.73423",,
Fitz I,"-49.4179","-24.72857",,
Fazenda Sao Vicente I,"-49.41703","-25.01853",,
Retiro I,"-49.41599","-25.01491",,
Pedro Machado de Bonfim I,"-49.41392","-25.00234",,
Barra de Santa Rita I,"-49.41195","-25.28121",,
Josiel Bouard I,"-49.4111","-24.71974",,
Barra do Teixeira I,"-49.41107","-24.722",,
Fazenda Bueno I,"-49.41065","-24.99056",,
Fazenda Sao Joao I,"-49.40737","-25.06095",,
Santilia Wagner,"-49.3995","-27.69982",,
Juliano Wagner,"-49.3961","-27.69969",,
George Wagner,"-49.39488","-27.69925",,
Jaco Schuller,"-49.39411","-27.74894",,
Escola Velho Cordeiro,"-49.39292","-24.67661",,
Orival Althoff,"-49.39256","-27.715",,
Escola Nova Cordeiro,"-49.39247","-24.673",,
Antoninho Gamba,"-49.39012","-27.72253",,
Jairo Wagner,"-49.38988","-27.74639",,
Palmeira - 3,"-49.38948","-25.47973",,
Maria Andrade,"-49.38903","-27.76009",,
Palmeira - 2,"-49.38766","-25.47923",,
PR CT 53,"-49.38596","-25.47161",,
Jose Wagner,"-49.3854","-27.7482",SC,
PR CT 52,"-49.38499","-25.46955",,
Altamir Desplanches,"-49.38132","-24.7452",,
Hideraldo Ventura,"-49.37693","-27.7054",,
Benedito Chini I,"-49.37412","-27.76665",,
Fazenda Marrecas 8,"-49.36434","-24.64856",,
fazenda Marrecas I,"-49.35447","-24.64703",,
Pedro Amancio,"-49.35124","-24.74809",,
Rio das Oncas 6,"-49.34755","-25.72244",,
Rio das Oncas 5,"-49.34734","-25.72343",,
Rio das Oncas 2,"-49.34715","-25.7244",,
Fazenda Marrecas IV,"-49.34686","-24.64758",,
Botiatuvinha,"-49.34682","-25.38569",,
Balcino Wagner,"-49.3423","-27.69608",,
Fazenda Marrecas XIV,"-49.34192","-24.64757",,
Moranga 2,"-49.34064","-25.38222",,
Rio MauraÉa≠cio 2,"-49.33959","-25.72012",,
Moranga 5,"-49.33911","-25.38316",,
Fazenda Marrecas III,"-49.33689","-24.65433",,
Moranga 4,"-49.33424","-25.36954",,
Moranga 6,"-49.33243","-25.37505",,
Fazenda Marrecas XIII,"-49.33161","-24.64276",,
SaÉa≠tio Arqueologico de Mandirituba,"-49.3203","-25.7613",,
Walgimiro de Matos I,"-49.31521","-24.63513",,
Rio Tangua 1,"-49.31041","-25.35988",,
Ribeirao Grande,"-49.3079","-25.98711",,
Rio Tangua 3,"-49.30529","-25.3537",,
Arroio da Prensa 4,"-49.30127","-25.59148",,
Arroio da Prensa 3,"-49.29943","-25.59213",,
Cal do Iguacu 1,"-49.25207","-25.58319",,
Olaria Pelanda 2,"-49.25124","-25.58404",,
Cal do Iguacu 2,"-49.25034","-25.58451",,
Agostinho Toniolo,"-49.20799","-25.2874",,
Florido Strapasson,"-49.19927","-25.27445",,
Jag 20,"-49.16131","-28.77905",,
Rio Pequeno 2,"-49.13692","-25.52243",,
Rio Pequeno 3,"-49.13129","-25.53424",,
Pinheiro da Divisa 2,"-49.12988","-25.53585",,
Pinheiro da Divisa 1,"-49.12815","-25.53483",,
Represa Seca 2,"-49.12642","-25.53264",,
PR CT 01-98,"-49.12528","-25.42267",,
PR CT 60,"-49.12374","-25.49515",,
Capao,"-49.11501","-25.53396",,
Casa Subterranea,"-49.11441","-24.25829",,
Casa Subterranea 2,"-49.11124","-24.25344",,
PR CT 66,"-49.11066","-25.50255",,
PR CT 67,"-49.10354","-25.50743",,
PR CT 63,"-49.09863","-25.49642",,
PR CT 64,"-49.09863","-25.49642",,
Canteiro 5 Barragem Piraquara,"-49.09276","-25.48426",,
Canteiro 6 Barragem Piraquara,"-49.0922","-25.48314",,
Jag 19,"-49.09169","-28.73623",,
Canteiro 1 Barragem Piraquara,"-49.0909","-25.48618",,
Canteiro 3 Barragem Piraquara,"-49.09045","-25.48519",,
Canteiro 4 Barragem Piraquara,"-49.09023","-25.48428",,
Canteiro 2 Barragem Piraquara,"-49.08954","-25.48654",,
1 Eixo Barragem Piraquara,"-49.08896","-25.48864",,
Canteiro Asfalto Novo,"-49.08866","-25.48299",,
2 Eixo Barragem Piraquara,"-49.08863","-25.48954",,
Palmito Piraquara,"-49.08754","-25.49247",,
Coqueiro Piraquara 1,"-49.07465","-25.49841",,
PR.QB.01,"-49.06978","-25.36133",,
PR CT 57,"-49.05561","-25.35853",,
Pouso Alto,"-49.05194","-24.0798",,
Rio Florestal 1,"-49.04279","-25.35383",,
Lodacal,"-49.03252","-24.64012",,
PR BS 05,"-49.03209","-24.64631",,
Morros dos Anjos,"-49.01142","-24.65411",,
Vila Operaria 2,"-49.00774","-24.64826",,
Marica 2,"-49.00739","-24.6461",,
Estrutura escavada Pinheiro Seco,"-49.00176","-25.58247",,
Polaco,"-49.00095","-24.6607",,
Lago Verde,"-48.99871","-24.6664",,
Cruzeiro,"-48.99846","-24.66025",,
Muzel,"-48.97398","-24.16962",,
Abrigo de Itapeva,"-48.97388","-24.06424",,
Fraccaroli,"-48.96858","-24.05658",,
Ramos 2,"-48.9661","-24.06592",,
Morro do Gato,"-48.96546","-24.30358",,
Boa Vista,"-48.96519","-24.19427",,
Taquari,"-48.96468","-24.15822",,
Boa Vista2,"-48.96389","-24.19596",,
Mamangaba,"-48.9618","-24.16833",,
Sao Sebastiao,"-48.96048","-24.32622",,
Monjolada,"-48.95932","-24.28999",,
Cateto 3,"-48.95911","-24.1557",,
Leonir,"-48.9578","-24.32015",,
Cateto 2,"-48.95734","-24.16847",,
Pedra Grande 2,"-48.95638","-24.07952",,
Cateto,"-48.95482","-24.16602",,
Pedra Grande,"-48.95478","-24.08982",,
Louzarde,"-48.95258","-24.34216",,
Monjolada 2,"-48.95212","-24.28741",,
Monjolada 3,"-48.94919","-24.29144",,
Faxil,"-48.94656","-24.0245",,
Fa 4,"-48.91004","-24.61571",,
Quatis,"-48.90026","-24.35478",,
Gasbol 3,"-48.89512","-24.33309",,
Gasbol 1,"-48.88397","-24.31456",,
Fa 5,"-48.88252","-24.59629",,
SP - RI - 21,"-48.87878","-24.61378",,
SP - RI - 20,"-48.87174","-24.65191",,
Ribeiro 2,"-48.84929","-24.27452",,
SP - RI - 71,"-48.84899","-24.64248",,
SP - RI - 77,"-48.84189","-24.63542",,
Bertini,"-48.84157","-24.27778",,
Joao Milizirdo,"-48.84131","-23.67996",,
SP - RI - 70,"-48.8406","-24.59813",,
SP - RI - 50,"-48.84054","-24.61165",,
Pa 15,"-48.84028","-24.64749",,
Ribeiro,"-48.8395","-24.27581",,
Gasbol 8,"-48.83881","-24.25859",,
Pa 11,"-48.83743","-24.61692",,
Reta Lopes,"-48.83666","-24.25449",,
Neri,"-48.83414","-24.25859",,
Pa 12,"-48.83314","-24.62214",,
Guimaraes,"-48.83271","-24.25357",,
Pa 13,"-48.83107","-24.63868",,
Taquari-Mirim,"-48.8304","-24.24849",,
SP - RI - 82,"-48.82933","-24.60887",,
Olian,"-48.82701","-24.25437",,
SP - RI - 78,"-48.82657","-24.59655",,
Gasbol 5,"-48.82524","-24.23906",,
Tapera 2,"-48.82429","-24.25499",,
SP - RI - 81,"-48.82327","-24.6027",,
AraucaÉa°ria,"-48.81944","-24.27897",,
Mirante,"-48.81864","-24.24561",,
Queimada,"-48.81426","-24.27767",,
Gomes,"-48.8062","-24.28126",,
Maria Moura,"-48.80569","-24.03474",,
Pa 6,"-48.80455","-24.65515",,
Pa 5,"-48.80337","-24.6393",,
Rancho CaaÉa≠do,"-48.80127","-24.06023",,
Pinha,"-48.80035","-24.03742",,
Pereiras 2,"-48.79988","-24.22231",,
TraÉa™s aÉaÅguas 2,"-48.79777","-24.27368",,
TraÉa™s aÉaÅguas,"-48.79574","-24.27219",,
319 - OC 5,"-48.79133","-25.82592",,
Pa 9,"-48.79068","-24.6489",,
Galheta IV,"-48.78859","-28.56649",,
SP - RI - 22,"-48.7885","-24.65865",,
Paredao,"-48.78761","-24.03812",,
SP - RI - 83,"-48.7841","-24.66349",,
SP - RI - 34,"-48.78307","-24.65594",,
318 - OC 4,"-48.77988","-25.83195",,
SP - RI - 33,"-48.77844","-24.65",,
Pa 7,"-48.77717","-24.6437",,
Gu 5,"-48.7657","-24.68427",,
Re,"-48.76217","-24.6724",,
Morus,"-48.75318","-24.05539",,
Mm,"-48.73027","-24.68115",,
Mendes,"-48.7197","-24.00508",,
Bv,"-48.70873","-24.67864",,
SP - RI - 25,"-48.66633","-24.68071",,
346 - OC 32,"-48.66141","-25.9668",,
Rio das Pedras,"-48.64851","-25.52416",,
Cabecudas,"-48.62967","-26.92933",,
Praia das Laranjeiras II,"-48.58911","-26.9973",,
Arlindo Cruz,"-48.58772","-24.09642",,
Praia da Tapera,"-48.57016","-27.68764",,
Base Aerea,"-48.5676","-27.67727",,
SP - GA - 108,"-48.54956","-24.64141",,
SP - GA - 91,"-48.54394","-24.64816",,
Id,"-48.54087","-24.88935",,
Forte Marechal Luz,"-48.53611","-26.17008",,
SP - GA - 50,"-48.51703","-24.81846",,
SP - GA - 90,"-48.51204","-24.8561",,
SP - GA - 40,"-48.50706","-24.80795",,
SP - GA - 39,"-48.50454","-24.81656",,
SC-LN-71,"-48.50348","-26.23557",,
SG 11,"-48.50003","-24.88516",,
Rio do Meio,"-48.49791","-27.43992",,
SP - GA - 38,"-48.49663","-24.8116",,
SP - GA - 51,"-48.4957","-24.84052",,
SG 14,"-48.49106","-24.90317",,
SG 12,"-48.48937","-24.88256",,
SG 10,"-48.48839","-24.85855",,
SP - GA - 37,"-48.48706","-24.81751",,
SG 13,"-48.48442","-24.89527",,
IT3 / Rio do Poco 2,"-48.47995","-25.25903",,
SP-GA-31,"-48.47723","-24.76886",,
SP - GA - 54,"-48.47658","-24.80385",,
SP - GA - 49,"-48.47523","-24.92523",,
SP-GA-52,"-48.4749","-24.90602",,
SP-GA-30,"-48.4747","-24.74061",,
SP - GA - 76,"-48.46848","-24.93241",,
SP - GA - 44,"-48.46819","-24.78506",,
IT11 / Itaqui 1,"-48.45337","-25.3272",,
SP - GA - 53,"-48.44212","-24.80164",,
Santa Terezinha III,"-51.9787749","-26.5733524",,
SC-CL-67,"-50.8231666","-27.4735277",,
SC-CL-64,"-50.7220833","-27.5968055",,
SC-CL-63,"-50.7189166","-27.60275",,
SC-CL-65,"-50.7143611","-27.6450555",,
SC-CL-95,"-50.7088333","-27.4753611",,
SC-CL-84,"-50.7081388","-27.5371111",,
SC-CL-83,"-50.7028055","-27.4630833",,
SC-CL-85,"-50.6993888","-27.5302222",,
SC-CL-87,"-50.6943611","-27.5013055",,
SC-CL-82,"-50.689","-27.4674722",,
SC-CL-81,"-50.6885555","-27.4684722",,
SC-CL-88,"-50.6836944","-27.4990555",,
SC-CL-86,"-50.6831111","-27.5087222",,
SC-CL-89,"-50.6610277","-27.5089722",,
SC-CL-90,"-50.6602777","-27.5079722",,
SC-CL-68,"-50.6594166","-27.543",,
SC-CL-69,"-50.65775","-27.5437222",,
SC-CL-91,"-50.6546388","-27.5114444",,
SC-CL-74,"-50.6442777","-27.5655",,
SC-CL-75,"-50.6415","-27.5083611",,
SC-CL-76,"-50.6396388","-27.5072777",,
SC-CL-71 1,"-50.6288888","-27.5302777",,
SC-CL-71 2,"-50.6276111","-27.5292777",,
SC-CL-70,"-50.627575","-27.5274611",,
SC-CL-52-a,"-50.6103055","-27.6376388",,
SC-CL-97,"-50.5703611","-27.5976388",,
SC-CL- 96,"-50.5651111","-27.59925",,
SC-CL-42,"-50.5401944","-27.7023222",,
SC-CL-41,"-50.3733033","-27.72",,
anderman urubici 21,"-49.5765883","-27.9903543",,
bonin urubici 31,"-49.5496356","-27.9985298",,
mazzon 2,"-49.5448832","-28.0010699",,
Maracaju 1,"-55.39","-21.774",,
Rio Amambai 1,"-55.164","-23.964",MS,
Linha Uruguay Sul 1,"-55.05","-27.817",,
Barra do Santo Cristo 1,"-54.72","-27.568",RS,
Itajuba 1,"-54.668","-27.544",RS,
Tres Bocas 2,"-54.656","-27.529",,
PR-FI-22,"-54.603","-25.445",PR,
Rio Dois Irmaos,"-54.578","-25.397",,
Fazenda Do Carlota 4,"-54.574","-25.545",,
Lagoa Seca,"-54.509","-25.463",,
PR-FI-98,"-54.484","-25.285",PR,
PR-FI-100,"-54.48","-25.27",PR,
PR-FI-97,"-54.48","-25.28",PR,
PR-FI-99,"-54.48","-25.25",PR,
Borevi 2,"-54.478","-25.269",,
Fazenda Do Carlota 2,"-54.472","-25.52",,
PR-FI-140,"-54.46","-25.2",PR,
PR-FI-104,"-54.459","-25.197",PR,
Borevi 1,"-54.456","-25.396",,
PR-FI-103,"-54.45","-25.2",PR,
Paineira,"-54.442","-25.208",,
PR-FI-127,"-54.41","-24.93",PR,
Porto Estamata,"-54.388","-25.172",,
Cafezal 2,"-54.369","-25.238",,
PR-FI-118,"-54.359","-24.78",PR,
Foz do Bela Vista 1,"-54.356","-25.39",,
PR-FI-112,"-54.35","-24.75",PR,
Fazenda Do Carlota 1,"-54.325","-25.299",,
PR-FO-6,"-54.265","-24.076",PR,
PR-FO-3,"-54.254","-24.077",PR,
RS-SM-7,"-54.25","-29.55",RS,
PR-FO-4,"-54.25","-24.07",PR,
Sete Quedas 3,"-54.247","-24.077",,
IBM-14,"-54.22","-29.55",RS,
RS-VZ-52,"-54.07","-27.3",RS,
Alto Para 46,"-54.042","-23.597",MS,
Taquapelagai,"-54.03","-25.501",,
RS-VZ-43,"-53.74","-27.34",RS,
Jaboticaba 1,"-53.733","-27.167",RS,
Rio Uruguai,"-53.73","-27.17",SC,
Rio Ivinhema 1,"-53.715","-23.244",MS,
Arnildo Drew,"-53.644","-29.678",RS,
Albino Mazzari,"-53.6","-29.48",RS,
Emilio Kieffer,"-53.555","-29.659",RS,
Elias Dal Pra,"-53.55","-29.689",RS,
RS-MJ-50b,"-53.55","-29.689",RS,
Eri Rampellotto,"-53.536","-29.532",RS,
Cerro do Tope,"-53.49","-29.52",RS,
Varzea dos Bugres,"-53.48","-29.52",RS,
Barra Escondida I,"-53.433","-27.133",SC,
Itapiranga,"-53.417","-27.2",SC,
Joao B Cantarelli,"-53.383","-29.824",RS,
Arldo M Silva,"-53.38","-29.85",RS,
MT-IV-2,"-53.333","-23.667",,
Lincoln Steuergel,"-53.332","-29.417",RS,
MS-IV-1,"-53.33","-22.72",MS,
MS-IV-2,"-53.32","-22.71",MS,
Jeronimo Rodrigues,"-53.249","-29.761",RS,
Toto,"-53.249","-29.761",RS,
Capane 3,"-53.17","-29.836",RS,
Valdeci Scapini,"-53.13","-29.42",RS,
Caxambu do Sul 1,"-53.083","-27.117",SC,
Joao A Guarantier,"-53.033","-27.083",SC,
Sao Carlos,"-53.017","-27.1",SC,
Baia da Onca 1,"-52.925","-22.398",MS,
Jose Vieira,"-52.908","-23.363",,
Bento Prestes,"-52.892","-30.845",RS,
Jose Vieira,"-52.89","-23.27",PR,
Lagoa do Custodio 1,"-52.869","-22.384",,
MS-PR-86,"-52.86","-22.38",MS,
Pesqueiro Barragem de Rosa,"-52.856","-22.641",,
Rio Pardo 4,"-52.785","-22.186",MS,
PR-QN-2,"-52.77","-23.27",PR,
Ribeirao Quiteroi 6,"-52.703","-22.136",MS,
Aurelio C Berrdes,"-52.681","-29.729",,
Reildo Kappel,"-52.681","-29.729",,
RS-MJ-90,"-52.681","-29.729",RS,
RS-SM-5,"-52.681","-29.729",RS,
Quiteroi 5,"-52.661","-22.159",MS,
Ribeirao Quiteroi 1,"-52.628","-22.207",MS,
Rio Pardo 7,"-52.621","-21.707",MS,
PR-ST-1,"-52.6","-23.32",PR,
PR-FL-05,"-52.591","-23.316",PR,
SC-VP-38,"-52.508","-27.271",SC,
MS-PD-6,"-52.5","-21.703",MS,
MT-IV-1,"-52.5","-23.5",,
Porto de Areia 2,"-52.5","-23.501",,
Rancho Leoncio 2,"-52.5","-23.5",,
Rio Condor 3,"-52.5","-23.5",,
Rio Condor 5,"-52.5","-23.5",,
Sitio Geraldo,"-52.5","-23.5",,
Ribeirao Quiteroizinho 1,"-52.493","-22.113",MS,
Corrego Uere,"-52.431","-21.703",,
Corrego Caraguata 2,"-52.421","-21.94",,
PSGPA-04,"-52.405","-31.49",RS,
Ribes,"-52.405","-31.503",,
Lagoa 1,"-52.399","-22.097",MS,
Lagoa Ariranha 1,"-52.399","-22.097",MS,
Quiteroi 1,"-52.399","-22.097",MS,
Corrego S Lourenco 1,"-52.377","-22.018",MS,
Restaurante Ivai 2,"-52.333","-23.501",,
Segunda Corredeira,"-52.333","-23.5",,
PR-FL-13,"-52.321","-23.549",PR,
PR-FL-15,"-52.32","-23.54",PR,
PR-FL-21,"-52.28","-23.58",PR,
PR-FL-23,"-52.28","-23.6",PR,
Fazenda Soares,"-52.222","-31.847",RS,
PS-03,"-52.195","-31.711",RS,
Camping,"-52.174","-31.712",,
PS-02,"-52.174","-31.698",RS,
RS-T-101,"-52.15","-29.24",RS,
RS-T-114,"-52.12","-29.289",,
RS-T-114,"-52.119","-29.277",RS,
Alto Para 8,"-52.106","-21.541",MS,
MS-PR-40,"-52.073","-21.503",MS,
MS-PR-41,"-52.067","-21.492",MS,
MS-PR-35,"-52.058","-21.631",MS,
Ilha Agua Limpa 1,"-52.028","-21.44",,
MS-PR-48,"-52.019","-21.417",MS,
Rio Taquari 1,"-52.019","-21.417",MS,
Rio Taquari 4,"-52.019","-21.417",MS,
Corrego Azul 1,"-52.018","-21.428",,
MS-PR-46,"-52.018","-21.427",MS,
Alto Para 12,"-51.993","-21.511",MS,
Alto Para 14,"-51.993","-21.511",MS,
MS-PR-45,"-51.98","-21.5",MS,
Cabeceira Perdida 1,"-51.971","-21.24",MS,
MS-VD-2,"-51.89","-21.18",MS,
Ilha Verde 2,"-51.878","-21.209",MS,
Rio Taquari 2,"-51.878","-21.209",,
MS-PR-64,"-51.824","-21.119",MS,
MS-PR-71,"-51.81","-21.11",MS,
MD-1,"-51.78","-20.96",MS,
SC-U-368,"-51.768","-27.533",SC,
Alvim,"-51.755","-22.603",SP,
Joaquim Bosquero,"-51.75","-27.498",SC,
MS-PR-85,"-51.66","-20.93",MS,
MS-PR-90,"-51.61","-20.91",MS,
MS-PR-96,"-51.61","-20.91",MS,
Adolfo Schenkel,"-51.565","-29.372",RS,
Santa Rita,"-51.533","-29.981",,
Joao Batista,"-51.506","-24.214",PR,
Alvim,"-51.499","-22.319",,
Bom Jardim Velho,"-51.373","-29.629",,
Ilha Francisco Manuel,"-51.163","-30.265",RS,
Porto Casanova,"-51.121","-22.634",,
Porto Casanova 2,"-51.05","-22.767",SP,
PR-UV-16,"-51.04","-26.23",PR,
Sete Quedas 2,"-51.034","-26.084",,
Ragil II,"-51.033","-22.757",SP,
Ragil,"-51.029","-22.738",SP,
Elevatorio de aguas,"-51","-26.167",,
Neves,"-50.967","-22.348",SP,
Palmeira 2,"-50.917","-29.667",RS,
PR-SA-44,"-50.88","-24.09",PR,
PR-SA-9,"-50.68","-24.01",PR,
PR-SA-5,"-50.64","-24.01",PR,
Lagoa da Porteira 1,"-50.605","-30.431",RS,
RS-LC-82,"-50.605","-30.431",RS,
PR-SA-1,"-50.57","-24.02",PR,
Figueira,"-50.51","-22.91",SP,
Pajeu,"-50.51","-22.91",SP,
Marolo,"-50.4","-22.77",SP,
PR-RP-11,"-50.33","-24",PR,
PR-RP-12,"-50.32","-24",PR,
Paso Fundo,"-50.217","-29.933",RS,
PR WB 2,"-50.12","-23.98",PR,
Bassani,"-50.083","-29.767",RS,
Peroba,"-50.04","-22.88",SP,
Martins,"-50.01","-22.63",SP,
Corredeira dos Caiua,"-50","-22.917",,
PR-JA-2,"-49.99","-22.9",PR,
PR-WB-7,"-49.96","-23.96",PR,
Morro Bonito 1,"-49.884","-28.617",,
Morro Bonito I,"-49.884","-23.583",SC,
PR-WB-15,"-49.87","-23.95",PR,
Acampamento Tres,"-49.6","-23.583",SP,
Rio Ferraria 1,"-49.53","-25.476",,
Camargo,"-49.417","-23.167",SP,
Camargo II,"-49.41","-23.16",SP,
Rio Parapanema,"-49.41","-24.097",,
Coli,"-49.38","-23.18",SP,
Nunes,"-49.38","-23.18",SP,
Piapara,"-49.38","-23.18",SP,
PR-CT-54,"-49.38","-25.47",PR,
Piracanjuba,"-49.37","-23.14",SP,
Almeida,"-49.35","-23.283",SP,
Bersi,"-49.34","-23.4",SP,
Aldeia da Lagoa Mae Luzia,"-49.323","-28.866",SC,
ARA-10,"-49.32","-28.87",SC,
Alves,"-49.316","-23.25",SP,
Aldeia do Cemiterio Lagoa dos Esteves,"-49.296","-28.841",SC,
OlhoDagua 1,"-49.197","-28.792",,
Olho Dagua I,"-49.19","-28.78",SC,
Arroio Corrente V,"-49.036","-28.674",SC,
Arroio Corriente 5,"-49.036","-28.685",,
Sibelco,"-48.999","-28.61",SC,
Morro Bonito 3,"-48.992","-28.613",,
Morro Bonito III,"-48.992","-28.601",RS,
Morro Bonito 2,"-48.984","-28.609",,
Morro Bonito II,"-48.984","-28.597",SC,
Bianco,"-48.946","-24.024",SP,
Laranjal 1,"-48.938","-28.62",,
Laranjal I,"-48.938","-28.608",SC,
Fonseca,"-48.91","-23.75",SP,
Poco Grande,"-48.844","-26.445",RS,
Cabecuda 2,"-48.81","-28.44",SC,
Caieira,"-48.77","-28.43",SC,
SC-MA-01,"-48.76","-28.45",SC,
Aldeia da ZPE,"-48.697","-28.217",SC,
SC-AR-1,"-48.68","-28.12",SC,
SC-AW-1,"-48.66","-28.22",SC,
SC-PR-1,"-48.66","-28.22",SC,
Praia da Tapera,"-48.501","-27.594",SC,
Panema,"-48.48","-23.59",SP,
Campi,"-48.477","-23.58",SP,
Jango Luis,"-48.43","-23.5",SP,
Sao Roque,"-48.41","-23.48",SP,
SC-PRV-1,"-48.41","-27.48",SC,
Areias Grandes,"-48.663265","-26.388396",,Araquari
Areias Pequenas,"-48.6888637","-26.3649139",,Barra do Sul
Areias Pequenas II,"-48.6924097","-26.3598991",,Barra do Sul
Arroio Tamarino,"-48.65282","-26.2729239",,SFS
Aterro Sanit·rio,"-48.9034498","-26.2474347",,Jlle
Barra do Sul,"-48.6088662","-26.466525",,Barra do Sul
Barranca do Rio Parati I,"-48.7003186","-26.3581401",,Araquari
Barranca do Rio Parati II,"-48.7087382","-26.3584195",,Araquari
Barrancos I,"-48.7716107","-26.1445271",,Garuva
Barrancos II,"-48.7829551","-26.1125262",,Garuva
Bupeva I,"-48.6037427","-26.4481194",,SFS
Bupeva II,"-48.6012589","-26.4470309",,SFS
Bupeva III,"-48.6044702","-26.442031",,SFS
Bupeva VII,"-48.6082686","-26.4425639",,SFS
Bupeva VIII,"-48.6050643","-26.4399653",,SFS
Cacurucu I,"-48.6440373","-26.3863569",,Barra do Sul
Cacurucu II,"-48.6467794","-26.3880085",,Barra do Sul
Cacurucu III,"-48.6440113","-26.387638",,Barra do Sul
Caieira,"-48.7931932","-26.3060363",,SFS
Capivaru I,"-48.534807","-26.2484832",,SFS
Capivaru II,"-48.559918","-26.259904",,SFS
Capivaru IV,"-48.5538264","-26.2501712",,SFS
Capri II,"-48.5550272","-26.1922992",,SFS
Casa de Pedra,"-48.5651196","-26.3376482",,SFS
Conquista,"-48.6719837","-26.4118132",,Barra do Sul
Conquista II,"-48.6658564","-26.391579",,Barra do Sul
Costeira,"-48.6309012","-26.4388169",,Barra do Sul
Cubat„o I,"-48.7724096","-26.2040262",,Jlle
Cubat„o II,"-48.7797946","-26.2034274",,Jlle
Cubat„o III,"-48.781815","-26.2045146",,Jlle
Cubat„o IV,"-48.7728834","-26.2153965",,Jlle
Cubat„ozinho,"-48.7824452","-26.2224579",,Jlle
Enseada I,"-48.4997921","-26.2339081",,SFS
Espinheiros I,"-48.793094","-26.2843107",,Jlle
Espinheiros II,"-48.7927799","-26.2839809",,Jlle
Faisqueira I,"-48.6988907","-26.5991888",,Barra Velha
Faisqueira II,"-48.695312","-26.6004304",,Barra Velha
Fazendinha,"-48.7407896","-26.2968448",,Jlle
Figueira do Pontal,"-48.603378","-26.1798017",,Itapo·
Forte Marechal Luz,"-48.5322754","-26.1654869",,SFS
Gravata,"-48.7613409","-26.2851183",,Jlle
Guanabara I,"-48.8230021","-26.3211585",,Jlle
Guanabara II,"-48.8254943","-26.3180284",,Jlle
GuaraqueÁaba,"-48.7385461","-26.248344",,SFS
GuaraqueÁaba,"-48.7385461","-26.248344",,SFS
Ilha da Rita,"-48.7085","-26.2498983",,SFS
Ilha do Ara˙jo,"-48.6610868","-26.2700175",,SFS
Ilha do Gado I,"-48.778435","-26.2586419",,Jlle
Ilha do Gado II,"-48.7794354","-26.2597224",,Jlle
Ilha do Gado III,"-48.7759456","-26.2590095",,Jlle
Ilha do Gado IV,"-48.7798429","-26.2672378",,Jlle
Ilha do Grant,"-48.6749265","-26.6949109",,Barra Velha
Ilha do Mel I,"-48.7315041","-26.3139994",,Araquari
Ilha do Mel II,"-48.7370104","-26.3120197",,Araquari
Ilha do Mel III,"-48.729298","-26.3131252",,Araquari
Ilha dos Barcos I,"-48.722074","-26.3348061",,Araquari
Ilha dos Barcos II,"-48.7170727","-26.3329396",,Araquari
Ilha dos Espinheiros I,"-48.7859724","-26.2850042",,Jlle
Ilha dos Espinheiros II,"-48.7789497","-26.2915383",,Jlle
Ilha dos Espinheiros III,"-48.7731432","-26.2742009",,Jlle
Ilha dos Espinheiros IV,"-48.77989","-26.2763361",,Jlle
Ilha dos Papagaios I,"-48.7125933","-26.3299982",,Araquari
Ilha dos Papagaios II,"-48.7075644","-26.3331036",,Araquari
Iperoba II,"-48.5886502","-26.2140119",,SFS
Ipiranga,"-48.7520201","-26.2980863",,Araquari
IririuguaÁu,"-48.7908035","-26.2350147",,Jlle
Itacoara,"-48.8615386","-26.4029417",,Jlle
Itamundi I,"-48.5477883","-26.1993054",,SFS
Itamundi II,"-48.5437881","-26.1916204",,SFS
Itapoa I,"-48.6024581","-26.0716057",,Itapo·
Itapoa II,"-48.6073578","-26.0665338",,Itapo·
Jaguaruna I,"-48.6141807","-26.1822375",,Itapo·
Jaguaruna II,"-48.6163089","-26.1818576",,Itapo·
Jaguaruna III,"-48.6177977","-26.1809527",,Itapo·
Jaguaruna V,"-48.6272855","-26.1574643",,Itapo·
Lagoa do Acarai I,"-48.5466612","-26.2896482",,SFS
Lagoa do Acarai II,"-48.5466942","-26.2899827",,SFS
Lagoa do Acarai S10,"-48.5394425","-26.2787675",,SFS
Lagoa do Acarai S12,"-48.5422711","-26.283247",,SFS
Lagoa do Acarai S13,"-48.5422703","-26.2847089",,SFS
Lagoa do Acarai V,"-48.540955","-26.2810946",,SFS
Lagoa do Acarai VI,"-48.5386661","-26.2870927",,SFS
Lagoa do Saguac˙,"-48.7939381","-26.3047752",,Jlle
Lagoa do Saguac˙,"-48.7939535","-26.3050191",,Jlle
Laranjeiras I,"-48.6866131","-26.3058183",,SFS
Laranjeiras II,"-48.6857052","-26.3056502",,SFS
Laranjeiras III,"-48.6811822","-26.2929241",,SFS
Linguado I,"-48.6643716","-26.3637763",,SFS
Linguado II,"-48.6623523","-26.3625611",,SFS
Mina Velha I,"-48.7220053","-26.0111955",,Garuva
Mina Velha II,"-48.7221123","-26.018589",,Garuva
Monte de Trigo,"-48.5892345","-26.2138141",,SFS
Morretinha,"-48.659623","-26.3573092",,SFS
Morro Amaral I,"-48.7739808","-26.3058296",,Jlle
Morro Amaral II,"-48.7540797","-26.3107087",,Jlle
Morro Amaral III,"-48.7748528","-26.296872",,Jlle
Morro Amaral IV,"-48.7704453","-26.2985364",,Jlle
Morro do Ouro,"-48.827155","-26.3143711",,Jlle
OC-01,"-48.8318363","-26.3919979",,Jlle
OC-02,"-48.8253361","-26.392874",,Jlle
OC-03,"-48.813938","-26.3952003",,Jlle
OC-06,"-48.7686322","-26.3867932",,Jlle
Palmital,"-48.808655","-26.0606516",,Garuva
Paranaguamirim I,"-48.744772","-26.3595061",,Jlle
Paranagu·mirim II,"-48.7375669","-26.3513781",,Jlle
Paum,"-48.6470293","-26.2567829",,SFS
Pereque da Praia Grande,"-48.6065285","-26.4030615",,SFS
Pernambuco,"-48.6680277","-26.3812629",,Barra do Sul
PoÁo Grande,"-48.8437851","-26.4446254",,Guaramirim
Ponta das Palmas,"-48.7615668","-26.2028469",,Jlle
Ponta dos N·ufragos,"-48.6812279","-26.6397023",,Barra Velha
Pontal do Norte,"-48.5868644","-26.1632992",,Itapo·
Porto do Rei II,"-48.6143497","-26.3974796",,SFS
Porto Grande,"-48.7504535","-26.4137283",,SFS
Praia do Ervino II,"-48.5972363","-26.4157475",,SFS
Praia do Ervino III,"-48.5947678","-26.3999492",,SFS
Praia Ervino I,"-48.5969596","-26.4141094",,SFS
Praia Grande I,"-48.597776","-26.4075984",,SFS
Praia Grande II,"-48.572408","-26.3660817",,SFS
Praia Grande III,"-48.5717364","-26.3656191",,SFS
Praia Grande IV,"-48.561222","-26.332465",,SFS
Praia Grande IX,"-48.5577171","-26.3209984",,SFS
Praia Grande V,"-48.5643661","-26.346362",,SFS
Praia Grande VI,"-48.5625028","-26.3301314",,SFS
Praia Grande VII,"-48.5597034","-26.3136683",,SFS
Praia Grande VIII,"-48.5615582","-26.3178601",,SFS
Praia Grande X,"-48.5873727","-26.3893292",,SFS
Praia Grande XI (S2),"-48.5782777","-26.3738068",,SFS
Rainha I,"-48.7346685","-26.5073751",,Araquari
Rainha II,"-48.7222236","-26.5417422",,Araquari
Ribeir„o do Cubatao,"-48.8062296","-26.2017303",,Jlle
Ribeir„o do Saco,"-48.7355657","-26.2260318",,SFS
Ribeir„o Grande,"-48.6136331","-26.3255503",,SFS
Ribeir„o Retiro Alegre,"-48.7266362","-26.2349611",,SFS
Rio Acarai I,"-48.5933565","-26.3312126",,SFS
Rio Acarai II,"-48.5891745","-26.3522597",,SFS
Rio Acarai III,"-48.5888838","-26.3517855",,SFS
Rio Bucuriuma,"-48.8021469","-26.1452492",,Jlle
Rio Comprido,"-48.8071736","-26.276178",,Jlle
Rio das Ostras,"-48.8002712","-26.1599503",,Jlle
Rio Fagundes,"-48.8110787","-26.1687255",,Jlle
Rio Ferreira,"-48.8106259","-26.1479867",,Jlle
Rio Inferninho,"-48.622089","-26.144464",,Barra Velha
Rio Itapocu,"-48.7197073","-26.6014192",,Barra Velha
Rio Parati IV,"-48.7377272","-26.3729868",,SFS
Rio Parati V,"-48.7146707","-26.3501752",,SFS
Rio Pereque,"-48.6462099","-26.4634094",,Barra do Sul
Rio Pinheiros I,"-48.6328796","-26.4190225",,Barra do Sul
Rio Pinheiros II,"-48.6353824","-26.423098",,Barra do Sul
Rio Pirabeiraba,"-48.823192","-26.1444497",,Jlle
Rio Riacho,"-48.7577521","-26.3176074",,Jlle
Rio Sai-Mirim I,"-48.6519828","-26.0966706",,Itapo·
Rio Sambaqui,"-48.7926361","-26.1638858",,Jlle
Rio Velho da Barra do Sul,"-48.6403333","-26.3901314",,Barra do Sul
Rio Velho I,"-48.7835797","-26.3092094",,Jlle
Rio Velho II,"-48.7872285","-26.3142838",,Jlle
Rio Velho II da Barra do Sul,"-48.6320913","-26.3908796",,Barra do Sul
Rua Guaira,"-48.8085323","-26.2518119",,Jlle
Sai-GuaÁu,"-48.6412368","-25.9804327",,Itapo·
Tapera,"-48.6178355","-26.2601098",,SFS
Tetequera,"-48.6294179","-26.4040203",,Barra do Sul
Tiburtius,"-48.7980842","-26.16776",,Jlle
Vila da GlÛria I,"-48.655347","-26.1959194",,SFS
Vila da GlÛria II,"-48.6594212","-26.2147848",,SFS
Vila da GlÛria III,"-48.6600614","-26.2147952",,SFS
Vila da GlÛria IV,"-48.657793","-26.1981614",,SFS
Vila da GlÛria V,"-48.6590414","-26.2012682",,SFS
